Study ID	Patient ID	Sample ID	Age	Annotation Source	Cancer Type	Cancer Type Detailed	Cell Line Source	Characteristics	DepMap ID	Disease Ontology	Doubling Time (hrs)	Doubling Time From Vendor	Ethnicity Category	Fraction Genome Altered	Freezing Medium	Genome Doublings	Geographic Distribution	Growth Medium	Hist Subtype 1	Hist Subtype 2	Hist Subtype 3	Histology	Life Stage	Lineage	Lineage Molecular Subtype	Lineage Sub-subtype	Lineage Subtype	Mutation Count	Mutation Rate	Name	Oncotree Code	Pathologist Annotation	Ploidy	Primary Tumor Site	Proteomics 10-Plex ID	Proteomics TMT label	Purity	Race Category	Number of Samples Per Patient	Sample Type	Sex	Site of Finding	Site Subtype 1	Site Subtype 2	Site Subtype 3	Subtype	Supplements	Tumor Break Load	TMB (nonsynonymous)	Tumor Type	Type Refined
ccle_broad_2019	201T_LUNG	201T_LUNG	NA	NA	Non-Small Cell Lung Cancer	Lung Adenocarcinoma	NA	NA	ACH-002089	NA	NA	NA	NA	NA	NA	NA	NA	NA	NA	NA	NA	NA	NA	lung	NA	NSCLC_adenocarcinoma	NSCLC	290	NA	NA	LUAD	NA	NA	NA	NA	NA	NA	NA	1	NA	NA	NA	NA	NA	NA	Non-Small Cell Lung Cancer (NSCLC), Adenocarcinoma	NA	NA	10.1	NA	lung_NSC
ccle_broad_2019	A427_LUNG	A427_LUNG	NA	NA	Non-Small Cell Lung Cancer	Lung Adenocarcinoma	NA	NA	ACH-000757	NA	NA	NA	NA	NA	NA	NA	NA	NA	NA	NA	NA	NA	NA	lung	NA	NSCLC_adenocarcinoma	NSCLC	499	NA	NA	LUAD	NA	NA	NA	NA	NA	NA	NA	1	NA	NA	NA	NA	NA	NA	Non-Small Cell Lung Cancer (NSCLC), Adenocarcinoma	NA	NA	16.7666666667	NA	lung_NSC
ccle_broad_2019	A549_LUNG	A549_LUNG	58	CCLE	Non-Small Cell Lung Cancer	Lung Adenocarcinoma	ATCC	adherent; epithelial; DT=22 hrs	ACH-000681	lung_cancer	54	NA	Caucasian	0.4940	5% DMSO	1	NA	F-12 +10%FBS	non_small_cell_carcinoma	NS	NS	Carcinoma	NA	lung	NA	NSCLC_adenocarcinoma	NSCLC	565	159.4917529	A549	LUAD	Lung:NSCLC_Others	2.85	Lung	12	127n	1	Caucasian	1	Primary	Male	NA	NS	NS	NS	Non-Small Cell Lung Cancer (NSCLC), Adenocarcinoma	NA	88	18.9666666667	lung_NSC	lung_NSC
ccle_broad_2019	ABC1_LUNG	ABC1_LUNG	47	CCLE	Non-Small Cell Lung Cancer	Lung Adenocarcinoma	HSRRB	Adherent; 0.25% TRYPSIN	ACH-000528	lung_cancer	40.12291	NA	Asian	0.8262	5% DMSO	1	NA	EMEM+10% FBS	non_small_cell_carcinoma	NS	NS	Carcinoma	NA	lung	NA	NSCLC_adenocarcinoma	NSCLC	445	146.9349526	ABC-1	LUAD	Lung:NSCLC_Others	2.53	Lung	4	128n	1	NA	1	Primary	Male	NA	NS	NS	NS	Non-Small Cell Lung Cancer (NSCLC), Adenocarcinoma	NA	271	15.0	lung_NSC	lung_NSC
ccle_broad_2019	BEN_LUNG	BEN_LUNG	71	CCLE	Non-Small Cell Lung Cancer	Non-Small Cell Lung Cancer	DSMZ	Adherent, epitheloid cells growing in monolayers	ACH-000603	NA	58.8	~  40-50 hrs	Caucasian	0.6863	10%DMSO	2	NA	90% Dulbecco'sMEM(4.5g/l glucose) +10% h.i.FBS	NS	NS	NS	Carcinoma	NA	lung	NA	NA	NSCLC	487	138.0393183	BEN	NSCLC	Lung:Others	3.78	Lung	NA	NA	0.98	NA	1	Metastasis	Male	lymph_node	NS	NS	NS	Non-Small Cell Lung Cancer (NSCLC), unspecified	NA	NA	16.3666666667	lung_NSC	lung_NSC
ccle_broad_2019	CAL12T_LUNG	CAL12T_LUNG	NA	CCLE	Non-Small Cell Lung Cancer	Non-Small Cell Lung Cancer	GNF	NA	ACH-000826	NA	NA	~50 hrs	Caucasian	0.9093	NA	1	NA	NA	non_small_cell_carcinoma	NS	NS	Carcinoma	NA	lung	NA	NA	NSCLC	635	208.5600477	CAL-12T	NSCLC	Lung:NSCLC_Others	2.54	Lung	NA	NA	1	NA	1	Primary	Male	NA	NS	NS	NS	Non-Small Cell Lung Cancer (NSCLC), unspecified	NA	NA	21.2666666667	lung_NSC	lung_NSC
ccle_broad_2019	CALU1_LUNG	CALU1_LUNG	47	CCLE	Non-Small Cell Lung Cancer	Lung Squamous Cell Carcinoma	NIBRI	NA	ACH-000511	lung_cancer	NA	NA	Caucasian	0.4107	NA	1	NA	NA	squamous_cell_carcinoma	NS	NS	Carcinoma	NA	lung	NA	NSCLC_squamous	NSCLC	246	120.70541	Calu-1	LUSC	Lung:NSCLC_Squamous	2.84	Lung	23	127c	1	Caucasian	1	Metastasis	Male	pleura	NS	NS	NS	Non-Small Cell Lung Cancer (NSCLC), Squamous Cell Carcinoma	NA	38	8.3	lung_NSC	lung_NSC
ccle_broad_2019	CALU3_LUNG	CALU3_LUNG	25	CCLE	Non-Small Cell Lung Cancer	Lung Adenocarcinoma	NIBRI	NA	ACH-000392	lung_cancer	NA	NA	Caucasian	0.5753	NA	1	NA	NA	adenocarcinoma	NS	NS	Carcinoma	NA	lung	NA	NSCLC_adenocarcinoma	NSCLC	233	107.5576589	Calu-3	LUAD	Lung:NSCLC_Adeno	2.99	Lung	NA	NA	1	Caucasian	1	Metastasis	Male	pleura	NS	NS	NS	Non-Small Cell Lung Cancer (NSCLC), Adenocarcinoma	NA	NA	7.66666666667	lung_NSC	lung_NSC
ccle_broad_2019	CALU6_LUNG	CALU6_LUNG	61	CCLE	Non-Small Cell Lung Cancer	Non-Small Cell Lung Cancer	ATCC	Adherent	ACH-000264	lung_cancer	78.9	NA	Caucasian	0.6459	5% DMSO	1	NA	EMEM +10%FBS	undifferentiated_carcinoma	NS	NS	Carcinoma	NA	lung	NA	NA	NSCLC	233	87.77718147	Calu-6	NSCLC	Lung:NSCLC_Others	2.71	Lung	24	128n	1	Caucasian	1	Primary	Female	NA	NS	NS	NS	Non-Small Cell Lung Cancer (NSCLC), unspecified	NA	120	7.93333333333	lung_NSC	lung_NSC
ccle_broad_2019	CHAGOK1_LUNG	CHAGOK1_LUNG	45	CCLE	Non-Small Cell Lung Cancer	Non-Small Cell Lung Cancer	ECACC	NA	ACH-000867	NA	NA	NA	Caucasian	0.4870	NA	1	NA	NA	NS	NS	NS	Carcinoma	NA	lung	NA	NA	NSCLC	669	225.7579361	ChaGo-K-1	NSCLC	Lung:Others	2.24	Lung	37	126	1	NA	1	Primary	Male	NA	NS	NS	NS	Non-Small Cell Lung Cancer (NSCLC), unspecified	NA	211	22.8	lung_NSC	lung_NSC
ccle_broad_2019	COLO699_LUNG	COLO699_LUNG	57	CCLE	Non-Small Cell Lung Cancer	Lung Adenocarcinoma	DSMZ	Adherent, epitheloid cells growing in monolayers	ACH-001041	lung_cancer	NA	~38 hrs	Caucasian	NA	NA	NA	NA	90% RPMI 1640 + 10% h.i.FBS	adenocarcinoma	NS	NS	Carcinoma	NA	lung	NA	NSCLC_adenocarcinoma	NSCLC	221	NA	COLO-699	LUAD	Lung:NSCLC_Adeno	NA	Lung	NA	NA	NA	NA	1	Metastasis	Female	pleura	NS	NS	NS	Non-Small Cell Lung Cancer (NSCLC), Adenocarcinoma	NA	NA	7.36666666667	lung_NSC	lung_NSC
ccle_broad_2019	CORL105_LUNG	CORL105_LUNG	NA	CCLE	Non-Small Cell Lung Cancer	Lung Adenocarcinoma	GNF	NA	ACH-000161	NA	NA	NA	Caucasian	0.8609	NA	0	NA	NA	adenocarcinoma	NS	NS	Carcinoma	NA	lung	NA	NSCLC_adenocarcinoma	NSCLC	157	86.52454761	COR-L105	LUAD	Lung:NSCLC_Adeno	1.76	Lung	13	130n	1	Caucasian	1	Primary	Male	NA	NS	NS	NS	Non-Small Cell Lung Cancer (NSCLC), Adenocarcinoma	NA	NA	5.23333333333	lung_NSC	lung_NSC
ccle_broad_2019	CORL23_LUNG	CORL23_LUNG	62	CCLE	Non-Small Cell Lung Cancer	Large Cell Lung Carcinoma	ECAAC	adherent	ACH-000662	NA	33.4	NA	Caucasian	0.3545	5% DMSO	1	NA	RPMI 1640 + 10%FBS	large_cell_carcinoma	NS	NS	Carcinoma	NA	lung	NA	NSCLC_large_cell	NSCLC	507	137.3378769	COR-L23	LCLC	Lung:NSCLC_Large_Cell	2.27	Lung	29	127c	1	Caucasian	1	Metastasis	Male	NA	NS	NS	NS	Non-Small Cell Lung Cancer (NSCLC), Large Cell Carcinoma	2mM L-glutamine	115	17.1	lung_NSC	lung_NSC
ccle_broad_2019	CORL32_LUNG	CORL32_LUNG	NA	NA	Non-Small Cell Lung Cancer	Lung Squamous Cell Carcinoma	NA	NA	ACH-001489	NA	NA	NA	NA	NA	NA	NA	NA	NA	NA	NA	NA	NA	NA	lung	NA	NSCLC_squamous	NSCLC	340	NA	NA	LUSC	NA	NA	NA	NA	NA	NA	NA	1	NA	NA	NA	NA	NA	NA	Non-Small Cell Lung Cancer (NSCLC), Squamous Cell Carcinoma	NA	NA	11.3333333333	NA	lung_NSC
ccle_broad_2019	DFCI024_LUNG	DFCI024_LUNG	NA	ACHILLES	Non-Small Cell Lung Cancer	Lung Adenocarcinoma	NA	NA	ACH-001058	NA	NA	NA	NA	NA	NA	NA	NA	NA	non_small_cell_carcinoma	NS	NS	Carcinoma	NA	lung	NA	NSCLC_adenocarcinoma	NSCLC	NA	NA	DFCI024	LUAD	NA	NA	Lung	NA	NA	NA	NA	1	NA	NA	NA	NS	NS	NS	Non-Small Cell Lung Cancer (NSCLC), Adenocarcinoma	NA	NA	NA	lung_NSC	lung_NSC
ccle_broad_2019	DV90_LUNG	DV90_LUNG	50	CCLE	Non-Small Cell Lung Cancer	Lung Adenocarcinoma	DSMZ	ADHERENT CELLS GROWING IN MONOLAYERS	ACH-000925	lung_cancer	43.6	95 hrs	Caucasian	0.0963	5% DMSO	0	NA	RPMI-1640+10% FBS	adenocarcinoma	NS	NS	Carcinoma	NA	lung	NA	NSCLC_adenocarcinoma	NSCLC	1571	381.1379084	DV-90	LUAD	Lung:NSCLC_Adeno	2.06	Lung	12	130n	0.99	NA	1	Metastasis	Male	pleura	NS	NS	NS	Non-Small Cell Lung Cancer (NSCLC), Adenocarcinoma	2mM L-GLUTAMINE, 1X NEAA	NA	52.4666666667	lung_NSC	lung_NSC
ccle_broad_2019	EBC1_LUNG	EBC1_LUNG	69	CCLE	Non-Small Cell Lung Cancer	Lung Squamous Cell Carcinoma	RIKEN	ADHERENT, EPITHIAL-LIKE	ACH-000563	lung_cancer	80.5	NA	Asian	0.7260	5% DMSO	1	NA	MEM+10%FBS	squamous_cell_carcinoma	NS	NS	Carcinoma	NA	lung	NA	NSCLC_squamous	NSCLC	451	161.3592702	EBC-1	LUSC	Lung:NSCLC_Squamous	3.03	Lung	5	127n	1	NA	1	Primary	Male	NA	NS	NS	NS	Non-Small Cell Lung Cancer (NSCLC), Squamous Cell Carcinoma	NA	192	15.1333333333	lung_NSC	lung_NSC
ccle_broad_2019	EKVX_LUNG	EKVX_LUNG	NA	CCLE	Non-Small Cell Lung Cancer	Lung Adenocarcinoma	Garraway Lab	Adherent	ACH-000706	NA	68.4	NA	Caucasian	0.4790	5% DMSO	NA	NA	RPMI-1640+ 5% FBS	adenocarcinoma	NS	NS	Carcinoma	NA	lung	NA	NSCLC_adenocarcinoma	NSCLC	438	169.3654686	EKVX	LUAD	Lung:NSCLC_Others	NA	Lung	NA	NA	NA	NA	1	Primary	NA	NA	NS	NS	NS	Non-Small Cell Lung Cancer (NSCLC), Adenocarcinoma	NA	NA	14.7666666667	lung_NSC	lung_NSC
ccle_broad_2019	EMCBAC1_LUNG	EMCBAC1_LUNG	NA	NA	Non-Small Cell Lung Cancer	Lung Adenocarcinoma	NA	NA	ACH-002101	NA	NA	NA	NA	NA	NA	NA	NA	NA	NA	NA	NA	NA	NA	lung	NA	NA	NSCLC	427	NA	NA	LUAD	NA	NA	NA	NA	NA	NA	NA	1	NA	NA	NA	NA	NA	NA	Non-Small Cell Lung Cancer (NSCLC), unspecified	NA	NA	14.7666666667	NA	lung_NSC
ccle_broad_2019	EMCBAC2_LUNG	EMCBAC2_LUNG	NA	NA	Non-Small Cell Lung Cancer	Lung Adenocarcinoma	NA	NA	ACH-002102	NA	NA	NA	NA	NA	NA	NA	NA	NA	NA	NA	NA	NA	NA	lung	NA	NA	NSCLC	170	NA	NA	LUAD	NA	NA	NA	NA	NA	NA	NA	1	NA	NA	NA	NA	NA	NA	Non-Small Cell Lung Cancer (NSCLC), unspecified	NA	NA	5.63333333333	NA	lung_NSC
ccle_broad_2019	EPLC272H_LUNG	EPLC272H_LUNG	57	CCLE	Non-Small Cell Lung Cancer	Lung Squamous Cell Carcinoma	DSMZ	NA	ACH-000585	NA	79.1	NA	Caucasian	0.6482	5%DMSO	1	NA	RPMI-1640+20% FBS	squamous_cell_carcinoma	NS	NS	Carcinoma	NA	lung	NA	NSCLC_squamous	NSCLC	415	144.8513809	EPLC-272H	LUSC	Lung:NSCLC_Squamous	3.19	Lung	NA	NA	1	Caucasian	1	Primary	Male	NA	NS	NS	NS	Non-Small Cell Lung Cancer (NSCLC), Squamous Cell Carcinoma	NA	NA	13.9333333333	lung_NSC	lung_NSC
ccle_broad_2019	GLC82_LUNG	GLC82_LUNG	58	CCLE	Non-Small Cell Lung Cancer	Lung Adenocarcinoma	ICLC	Epithelial monolayer	ACH-001071	NA	NA	48 hrs	African_american	0.6904	5% DMSO	NA	chinese	DMEM+10% FBS	adenocarcinoma	NS	NS	Carcinoma	NA	lung	NA	NSCLC_adenocarcinoma	NSCLC	NA	NA	GLC-82	LUAD	NA	NA	Lung	NA	NA	NA	Asian	1	Primary	Female	NA	NS	NS	NS	Non-Small Cell Lung Cancer (NSCLC), Adenocarcinoma	2mM L-glutamine	NA	NA	lung_NSC	lung_NSC
ccle_broad_2019	HARA_LUNG	HARA_LUNG	57	CCLE	Non-Small Cell Lung Cancer	Lung Squamous Cell Carcinoma	HSRRB	ADHERENT; fast grower	ACH-000843	Lung Cancer	63.7	NA	Asian	0.6587	5% DMSO	1	NA	RPMI-1640+10% FBS	squamous_cell_carcinoma	NS	NS	Carcinoma	NA	lung	NA	NSCLC_squamous	NSCLC	835	233.5534525	HARA	LUSC	Lung:NSCLC_Squamous	2.95	Lung	NA	NA	1	Asian	1	Metastasis	Male	NA	NS	NS	NS	Non-Small Cell Lung Cancer (NSCLC), Squamous Cell Carcinoma	NA	222	28.2333333333	lung_NSC	lung_NSC
ccle_broad_2019	HCC1171_LUNG	HCC1171_LUNG	58	CCLE	Non-Small Cell Lung Cancer	Lung Adenocarcinoma	KCLB	epithelial; monolayer	ACH-000578	lung_cancer	NA	NA	Caucasian	0.7577	NA	1	NA	RPMI 1640  with L-glutamine (300mg/L), 90%; heat inactivated fetal bovine serum (FBS),10%	non_small_cell_carcinoma	NS	NS	Carcinoma	NA	lung	NA	NSCLC_adenocarcinoma	NSCLC	254	125.157705	HCC-1171	LUAD	Lung:NSCLC_Others	2.55	Lung	NA	NA	1	Caucasian	1	Primary	Male	NA	NS	NS	NS	Non-Small Cell Lung Cancer (NSCLC), Adenocarcinoma	25mM Hepes and 25mM NaHCo3	NA	8.36666666667	lung_NSC	lung_NSC
ccle_broad_2019	HCC1195_LUNG	HCC1195_LUNG	47	CCLE	Non-Small Cell Lung Cancer	Lung Adenosquamous Carcinoma	KCLB	epithelial; monolayer	ACH-000868	lung_cancer	NA	NA	African_american	0.6659	NA	1	NA	RPMI 1640  with L-glutamine (300mg/L), 90%; heat inactivated fetal bovine serum (FBS),10%	mixed_adenosquamous_carcinoma	NS	NS	Carcinoma	NA	lung	NA	NSCLC_adenosquamous	NSCLC	327	254.5878645	HCC-1195	LUAS	Lung:NSCLC_Adeno	2.21	Lung	NA	NA	1	African_American	1	Primary	Male	NA	NS	NS	NS	Non-Small Cell Lung Cancer (NSCLC), Adenosquamous Carcinoma	25mM Hepes and 25mM NaHCo3	NA	10.9	lung_NSC	lung_NSC
ccle_broad_2019	HCC1359_LUNG	HCC1359_LUNG	55	CCLE	Non-Small Cell Lung Cancer	Large Cell Lung Carcinoma	KCLB	ADHERENT, EPITHELIAL MONOLAYER	ACH-000901	lung_cancer	42.1	NA	African_american	0.4487	5%DMSO	1	NA	RPMI-1640+10% FBS	large_cell_carcinoma	NS	NS	Carcinoma	NA	lung	NA	NSCLC_large_cell	NSCLC	455	273.6119221	HCC-1359	LCLC	Lung:NSCLC_Large_Cell	3.36	Lung	NA	NA	0.98	African_American	1	Primary	Female	NA	NS	NS	NS	Non-Small Cell Lung Cancer (NSCLC), Large Cell Carcinoma	NA	NA	15.2333333333	lung_NSC	lung_NSC
ccle_broad_2019	HCC1438_LUNG	HCC1438_LUNG	43	CCLE	Non-Small Cell Lung Cancer	Large Cell Lung Carcinoma	KCLB	epithelial; monolayer	ACH-000891	NA	NA	NA	African_american	NA	NA	NA	NA	RPMI 1640  with L-glutamine (300mg/L), 90%; heat inactivated fetal bovine serum (FBS),10%	large_cell_carcinoma	NS	NS	Carcinoma	NA	lung	NA	NSCLC_large_cell	NSCLC	641	270.8323858	HCC-1438	LCLC	Lung:NSCLC_Large_Cell	NA	Lung	NA	NA	NA	NA	1	Primary	Male	NA	NS	NS	NS	Non-Small Cell Lung Cancer (NSCLC), Large Cell Carcinoma	25mM Hepes and 25mM NaHCo3	NA	21.4333333333	lung_NSC	lung_NSC
ccle_broad_2019	HCC15_LUNG	HCC15_LUNG	47	CCLE	Non-Small Cell Lung Cancer	Lung Squamous Cell Carcinoma	DSMZ	mixed; dt= 72-96 hrs	ACH-000878	lung_cancer	51.7	NA	African_american	0.8167	5% DMSO	0	NA	RPMI-1640 + 10%FBS	squamous_cell_carcinoma	NS	NS	Carcinoma	NA	lung	NA	NSCLC_squamous	NSCLC	810	264.6207321	HCC-15	LUSC	Lung:NSCLC_Squamous	1.73	Lung	28	130n	0.99	African_American	1	Primary	Male	NA	NS	NS	NS	Non-Small Cell Lung Cancer (NSCLC), Squamous Cell Carcinoma	NA	187	27.6	lung_NSC	lung_NSC
ccle_broad_2019	HCC1588_LUNG	HCC1588_LUNG	63	CCLE	Non-Small Cell Lung Cancer	Lung Squamous Cell Carcinoma	KCLB	epithelial; monolayer	ACH-001078	NA	NA	NA	Caucasian	NA	NA	NA	NA	RPMI 1640  with L-glutamine (300mg/L), 90%; heat inactivated fetal bovine serum (FBS),10%	squamous_cell_carcinoma	NS	NS	Carcinoma	NA	lung	NA	NSCLC_squamous	NSCLC	158	147.6715363	HCC-1588	LUSC	Colorectal:Carcinoma	NA	Lung	NA	NA	NA	NA	1	Primary	Female	NA	NS	NS	NS	Non-Small Cell Lung Cancer (NSCLC), Squamous Cell Carcinoma	25mM Hepes and 25mM NaHCo3	NA	5.26666666667	lung_NSC	lung_NSC
ccle_broad_2019	HCC1833_LUNG	HCC1833_LUNG	69	CCLE	Non-Small Cell Lung Cancer	Lung Adenocarcinoma	KCLB	epithelial; monolayer	ACH-000712	lung_cancer	NA	NA	African_american	NA	NA	NA	NA	RPMI 1640  with L-glutamine (300mg/L), 90%; heat inactivated fetal bovine serum (FBS),10%	adenocarcinoma	NS	NS	Carcinoma	NA	lung	NA	NSCLC_adenocarcinoma	NSCLC	371	159.9833699	HCC-1833	LUAD	Lung:NSCLC_Adeno	NA	Lung	40	127n	NA	Caucasian	1	Primary	Female	NA	NS	NS	NS	Non-Small Cell Lung Cancer (NSCLC), Adenocarcinoma	25mM Hepes and 25mM NaHCo3	69	12.5333333333	lung_NSC	lung_NSC
ccle_broad_2019	HCC1897_LUNG	HCC1897_LUNG	NA	ACHILLES	Non-Small Cell Lung Cancer	Lung Squamous Cell Carcinoma	NA	NA	ACH-001079	NA	NA	NA	NA	0.9177	NA	0	NA	NA	squamous_cell_carcinoma	NS	NS	Carcinoma	NA	lung	NA	NSCLC_squamous	NSCLC	NA	NA	HCC-1897	LUSC	NA	1.77	Lung	NA	NA	1	NA	1	NA	NA	NA	NS	NS	NS	Non-Small Cell Lung Cancer (NSCLC), Squamous Cell Carcinoma	NA	NA	NA	lung_NSC	lung_NSC
ccle_broad_2019	HCC2108_LUNG	HCC2108_LUNG	59	CCLE	Non-Small Cell Lung Cancer	Lung Adenocarcinoma	KCLB	Epithelial Monolayer	ACH-000314	NA	62.3	NA	Caucasian	NA	5-7.5%DMSO	NA	NA	RPMI+10%FBS	adenocarcinoma	NS	NS	Carcinoma	NA	lung	NA	NSCLC_adenocarcinoma	NSCLC	959	107.6232242	HCC-2108	LUAD	Lung:NSCLC_Adeno	NA	Lung	NA	NA	NA	NA	1	Primary	Male	NA	NS	NS	NS	Non-Small Cell Lung Cancer (NSCLC), Adenocarcinoma	NA	NA	31.9666666667	lung_NSC	lung_NSC
ccle_broad_2019	HCC2279_LUNG	HCC2279_LUNG	52	CCLE	Non-Small Cell Lung Cancer	Lung Adenocarcinoma	KCLB	epithelial; monolayer	ACH-000731	lung_cancer	NA	NA	Asian	0.9647	NA	1	NA	RPMI 1640  with L-glutamine (300mg/L), 90%; heat inactivated fetal bovine serum (FBs),10%	adenocarcinoma	NS	NS	Carcinoma	NA	lung	NA	NSCLC_adenocarcinoma	NSCLC	127	189.5257761	HCC-2279	LUAD	Lung:NSCLC_Adeno	2.68	Lung	NA	NA	0.99	Asian	1	Primary	Female	NA	NS	NS	NS	Non-Small Cell Lung Cancer (NSCLC), Adenocarcinoma	25mM Hepes and 25mM NaHCo3	NA	4.2	lung_NSC	lung_NSC
ccle_broad_2019	HCC2429_LUNG	HCC2429_LUNG	NA	NA	Non-Small Cell Lung Cancer	Non-Small Cell Lung Cancer	NA	NA	ACH-000143	NA	NA	NA	NA	NA	NA	NA	NA	NA	NA	NA	NA	NA	NA	lung	NA	NA	NSCLC	161	NA	NA	NSCLC	NA	NA	NA	NA	NA	NA	NA	1	NA	NA	NA	NA	NA	NA	Non-Small Cell Lung Cancer (NSCLC), unspecified	NA	NA	5.53333333333	NA	NA
ccle_broad_2019	HCC2450_LUNG	HCC2450_LUNG	NA	NA	Non-Small Cell Lung Cancer	Lung Squamous Cell Carcinoma	NA	NA	ACH-000975	NA	NA	NA	NA	NA	NA	NA	NA	NA	NA	NA	NA	NA	NA	lung	NA	NSCLC_squamous	NSCLC	2507	NA	NA	LUSC	NA	NA	NA	NA	NA	NA	NA	1	NA	NA	NA	NA	NA	NA	Non-Small Cell Lung Cancer (NSCLC), Squamous Cell Carcinoma	NA	NA	83.7333333333	NA	NA
ccle_broad_2019	HCC2814_LUNG	HCC2814_LUNG	NA	ACHILLES	Non-Small Cell Lung Cancer	Lung Squamous Cell Carcinoma	NA	NA	ACH-000690	NA	NA	NA	Caucasian	0.7455	NA	1	NA	NA	squamous_cell_carcinoma	NS	NS	Carcinoma	NA	lung	NA	NSCLC_squamous	NSCLC	218	136.4879764	HCC-2814	LUSC	NA	3.31	Lung	NA	NA	0.98	NA	1	NA	NA	NA	NS	NS	NS	Non-Small Cell Lung Cancer (NSCLC), Squamous Cell Carcinoma	NA	NA	7.26666666667	lung_NSC	lung_NSC
ccle_broad_2019	HCC2935_LUNG	HCC2935_LUNG	39	CCLE	Non-Small Cell Lung Cancer	Lung Adenocarcinoma	ATCC	Adherent epithelial	ACH-000150	lung_cancer	115.9	NA	Caucasian	0.6607	5%DMSO	0	NA	RPMI-1640 + 10% FBS	non_small_cell_carcinoma	NS	NS	Carcinoma	NA	lung	NA	NSCLC_adenocarcinoma	NSCLC	138	84.68601916	HCC2935	LUAD	Lung:NSCLC_Others	1.52	Lung	NA	NA	1	Caucasian	1	Primary	Male	NA	NS	NS	NS	Non-Small Cell Lung Cancer (NSCLC), Adenocarcinoma	NA	NA	4.6	lung_NSC	lung_NSC
ccle_broad_2019	HCC364_LUNG	HCC364_LUNG	NA	ACHILLES	Non-Small Cell Lung Cancer	Lung Adenocarcinoma	NA	NA	ACH-000575	NA	NA	NA	Caucasian	0.5933	NA	1	NA	NA	adenocarcinoma	NS	NS	Carcinoma	NA	lung	NA	NSCLC_adenocarcinoma	NSCLC	84	125.3439438	HCC364	LUAD	NA	3.78	Lung	NA	NA	0.98	NA	1	NA	NA	NA	NS	NS	NS	Non-Small Cell Lung Cancer (NSCLC), Adenocarcinoma	NA	NA	2.83333333333	lung_NSC	lung_NSC
ccle_broad_2019	HCC366_LUNG	HCC366_LUNG	80	CCLE	Non-Small Cell Lung Cancer	Lung Adenosquamous Carcinoma	DSMZ	Adhrent cells growing as monolayers; dt=30-40hrs	ACH-000840	lung_cancer	176	30-40 hrs	Caucasian	0.8425	10% DMSO	1	NA	RPMI-1640+10%FBS	mixed_adenosquamous_carcinoma	NS	NS	Carcinoma	NA	lung	NA	NSCLC_adenosquamous	NSCLC	564	220.2101945	HCC-366	LUAS	Lung:NSCLC_Adeno	2.48	Lung	NA	NA	1	NA	1	Primary	Female	NA	NS	NS	NS	Non-Small Cell Lung Cancer (NSCLC), Adenosquamous Carcinoma	NA	NA	18.9	lung_NSC	lung_NSC
ccle_broad_2019	HCC4006_LUNG	HCC4006_LUNG	NA	CCLE	Non-Small Cell Lung Cancer	Lung Adenocarcinoma	ATCC	Adherent epithelial	ACH-000066	lung_cancer	108.7	NA	Caucasian	0.5322	5%DMSO	1	NA	RPMI-1640 + 10% FBS	adenocarcinoma	NS	NS	Carcinoma	NA	lung	NA	NSCLC_adenocarcinoma	NSCLC	146	89.30922036	HCC4006	LUAD	Lung:NSCLC_Adeno	3.47	Lung	NA	NA	1	Caucasian	1	Metastasis	Male	pleura	NS	NS	NS	Non-Small Cell Lung Cancer (NSCLC), Adenocarcinoma	NA	NA	4.9	lung_NSC	lung_NSC
ccle_broad_2019	HCC44_LUNG	HCC44_LUNG	54	CCLE	Non-Small Cell Lung Cancer	Lung Adenocarcinoma	DSMZ	Adhrent cells growing as monolayers; dt=30hrs	ACH-000667	lung_cancer	33	30	Caucasian	0.4706	10% DMSO	2	NA	RPMI-1640+10%FBS	adenocarcinoma	NS	NS	Carcinoma	NA	lung	NA	NSCLC_adenocarcinoma	NSCLC	464	142.2243369	HCC-44	LUAD	Lung:NSCLC_Adeno	7.74	Lung	21	127c	1	Caucasian	1	Primary	Female	NA	NS	NS	NS	Non-Small Cell Lung Cancer (NSCLC), Adenocarcinoma	NA	113	15.6	lung_NSC	lung_NSC
ccle_broad_2019	HCC461_LUNG	HCC461_LUNG	NA	NA	Non-Small Cell Lung Cancer	Lung Adenocarcinoma	NA	NA	ACH-000339	NA	NA	NA	NA	NA	NA	NA	NA	NA	NA	NA	NA	NA	NA	lung	NA	NSCLC_adenocarcinoma	NSCLC	240	NA	NA	LUAD	NA	NA	NA	NA	NA	NA	NA	1	NA	NA	NA	NA	NA	NA	Non-Small Cell Lung Cancer (NSCLC), Adenocarcinoma	NA	NA	8.06666666667	NA	NA
ccle_broad_2019	HCC515_LUNG	HCC515_LUNG	NA	NA	Non-Small Cell Lung Cancer	Lung Adenocarcinoma	NA	NA	ACH-000872	NA	NA	NA	NA	NA	NA	NA	NA	NA	NA	NA	NA	NA	NA	lung	NA	NSCLC_adenocarcinoma	NSCLC	1093	NA	NA	LUAD	NA	NA	NA	NA	NA	NA	NA	1	NA	NA	NA	NA	NA	NA	Non-Small Cell Lung Cancer (NSCLC), Adenocarcinoma	NA	NA	36.6333333333	NA	NA
ccle_broad_2019	HCC78_LUNG	HCC78_LUNG	65	CCLE	Non-Small Cell Lung Cancer	Lung Adenocarcinoma	DSMZ	Adhrent and aggregates; dt=60-70hrs	ACH-000562	lung_cancer	33	60-70 hrs	Caucasian	0.4054	10% DMSO	0	NA	RPMI-1640+10%FBS	adenocarcinoma	NS	NS	Carcinoma	NA	lung	NA	NSCLC_adenocarcinoma	NSCLC	333	101.6889757	HCC-78	LUAD	Lung:NSCLC_Adeno	2.15	Lung	NA	NA	0.97	Caucasian	1	Metastasis	Male	pleura	NS	NS	NS	Non-Small Cell Lung Cancer (NSCLC), Adenocarcinoma	NA	NA	11.1333333333	lung_NSC	lung_NSC
ccle_broad_2019	HCC827_LUNG	HCC827_LUNG	39	CCLE	Non-Small Cell Lung Cancer	Lung Adenocarcinoma	ATCC	Adherent	ACH-000012	lung_cancer	117.6	NA	Caucasian	0.5552	5%DMSO	1	NA	RPMI-1640 10% FBS	adenocarcinoma	NS	NS	Carcinoma	NA	lung	NA	NSCLC_adenocarcinoma	NSCLC	201	82.92654033	HCC827	LUAD	Lung:NSCLC_Adeno	2.74	Lung	10	126	1	Caucasian	1	Primary	Female	NA	NS	NS	NS	Non-Small Cell Lung Cancer (NSCLC), Adenocarcinoma	NA	92	7.13333333333	lung_NSC	lung_NSC
ccle_broad_2019	HCC827GR5_LUNG	HCC827GR5_LUNG	NA	ACHILLES	Non-Small Cell Lung Cancer	Lung Adenocarcinoma	NA	NA	ACH-000029	NA	NA	NA	Caucasian	NA	NA	NA	NA	NA	non_small_cell_carcinoma	NS	NS	Carcinoma	NA	lung	NA	NSCLC_adenocarcinoma	NSCLC	303	102.7949058	HCC827 GR5	LUAD	NA	NA	Lung	NA	NA	NA	NA	1	NA	NA	NA	NS	NS	NS	Non-Small Cell Lung Cancer (NSCLC), Adenocarcinoma	NA	NA	10.4	lung_NSC	lung_NSC
ccle_broad_2019	HCC95_LUNG	HCC95_LUNG	65	CCLE	Non-Small Cell Lung Cancer	Lung Squamous Cell Carcinoma	KCLB	epithelial; monolayer	ACH-000454	lung_cancer	NA	NA	Caucasian	0.6685	NA	1	NA	RPMI 1640  with L-glutamine (300mg/L), 90%; heat inactivated fetal bovine serum (FBS),10%	squamous_cell_carcinoma	NS	NS	Carcinoma	NA	lung	NA	NSCLC_squamous	NSCLC	241	115.3890534	HCC-95	LUSC	Lung:NSCLC_Squamous	2.55	Lung	11	127c	1	Caucasian	1	Primary	Male	NA	NS	NS	NS	Non-Small Cell Lung Cancer (NSCLC), Squamous Cell Carcinoma	25mM Hepes and 25mM NaHCo3	214	8.23333333333	lung_NSC	lung_NSC
ccle_broad_2019	HLC1_LUNG	HLC1_LUNG	NA	CCLE	Non-Small Cell Lung Cancer	Lung Adenocarcinoma	NA	NA	ACH-001088	NA	NA	NA	Asian	0.4814	NA	1	NA	NA	adenocarcinoma	NS	NS	Carcinoma	NA	lung	NA	NSCLC_adenocarcinoma	NSCLC	NA	NA	HLC-1	LUAD	NA	2.36	Lung	NA	NA	0.99	NA	1	Primary	NA	NA	NS	NS	NS	Non-Small Cell Lung Cancer (NSCLC), Adenocarcinoma	NA	NA	NA	lung_NSC	lung_NSC
ccle_broad_2019	HLFA_FIBROBLAST	HLFA_FIBROBLAST	54	CCLE	Non-Small Cell Lung Cancer	Lung Squamous Cell Carcinoma	GNF	Adherent Fibroblast	ACH-000797	NA	NA	NA	African_american	NA	5%DMSO	0	NA	EMEM+10%FBS	squamous_cell_carcinoma	NS	NS	Carcinoma	NA	fibroblast	NA	NA	fibroblast_lung	193	163.0529962	HLF-a	LUSC	Lung:NSCLC_Squamous	2	Lung	NA	NA	0.98	African_American	1	Primary	Female	NA	NS	NS	NS	Lung	NA	NA	6.6	liver	fibroblast_like
ccle_broad_2019	HOP62_LUNG	HOP62_LUNG	NA	CCLE	Non-Small Cell Lung Cancer	Lung Adenocarcinoma	Garraway Lab	Adherent	ACH-000861	NA	37.8	NA	Caucasian	0.5961	5% DMSO	NA	NA	RPMI-1640+ 5% FBS	adenocarcinoma	NS	NS	Carcinoma	NA	lung	NA	NSCLC_adenocarcinoma	NSCLC	532	236.5238841	HOP-62	LUAD	Lung:NSCLC_Others	NA	Lung	NA	NA	NA	NA	1	Primary	NA	NA	NS	NS	NS	Non-Small Cell Lung Cancer (NSCLC), Adenocarcinoma	NA	NA	17.9666666667	lung_NSC	lung_NSC
ccle_broad_2019	HOP92_LUNG	HOP92_LUNG	NA	CCLE	Non-Small Cell Lung Cancer	Non-Small Cell Lung Cancer	Garraway Lab	Mix	ACH-000825	NA	122.2	NA	Caucasian	0.5254	5% DMSO	NA	NA	RPMI-1640+ 5% FBS	large_cell_carcinoma	NS	NS	Carcinoma	NA	lung	NA	NA	NSCLC	434	198.739234	HOP-92	NSCLC	Lung:NSCLC_Others	NA	Lung	NA	NA	NA	NA	1	Primary	NA	NA	NS	NS	NS	Non-Small Cell Lung Cancer (NSCLC), unspecified	NA	NA	14.4	lung_NSC	lung_NSC
ccle_broad_2019	IALM_LUNG	IALM_LUNG	68	CCLE	Non-Small Cell Lung Cancer	Large Cell Lung Carcinoma	RIKEN	ADHERENT EPITHELIAL;	ACH-000672	NA	143.2	NA	Asian	0.6777	5% DMSO	1	japan	HAMSF10+ 10% FBS	large_cell_carcinoma	NS	NS	Carcinoma	NA	lung	NA	NSCLC_large_cell	NSCLC	474	196.5950713	IA-LM	LCLC	Lung:NSCLC_Large_Cell	2.47	Lung	34	130c	1	Asian	1	Metastasis	Male	skin	NS	NS	NS	Non-Small Cell Lung Cancer (NSCLC), Large Cell Carcinoma	NA	NA	15.7666666667	lung_NSC	lung_NSC
ccle_broad_2019	JHU028_LUNG	JHU028_LUNG	NA	NA	Non-Small Cell Lung Cancer	Lung Adenocarcinoma	NA	NA	ACH-002337	NA	NA	NA	NA	NA	NA	NA	NA	NA	NA	NA	NA	NA	NA	lung	NA	NSCLC_adenocarcinoma	NSCLC	555	NA	NA	LUAD	NA	NA	NA	NA	NA	NA	NA	1	NA	NA	NA	NA	NA	NA	Non-Small Cell Lung Cancer (NSCLC), Adenocarcinoma	NA	NA	18.8666666667	NA	NA
ccle_broad_2019	KNS62_LUNG	KNS62_LUNG	49	CCLE	Non-Small Cell Lung Cancer	Lung Squamous Cell Carcinoma	ATCC	adherent	ACH-000858	NA	59.2	NA	Asian	0.9489	5% DMSO	1	NA	EMEM +20%FBS	squamous_cell_carcinoma	NS	NS	Carcinoma	NA	lung	NA	NSCLC_squamous	NSCLC	550	223.1421586	KNS-62	LUSC	Lung:NSCLC_Squamous	2.62	Lung	NA	NA	1	NA	1	Metastasis	Male	NA	bronchus	NS	NS	Non-Small Cell Lung Cancer (NSCLC), Squamous Cell Carcinoma	NA	103	18.6333333333	lung_NSC	lung_NSC
ccle_broad_2019	LC1F_LUNG	LC1F_LUNG	69	CCLE	Non-Small Cell Lung Cancer	Lung Squamous Cell Carcinoma	RIKEN	Mixed cell line.	ACH-000705	lung_cancer	NA	NA	Asian	0.6114	5%DMSO	2	NA	RPMI-1640+10%FBS	squamous_cell_carcinoma	NS	NS	Carcinoma	NA	lung	NA	NSCLC_squamous	NSCLC	548	196.9383482	LC-1F	LUSC	Lung:NSCLC_Squamous	7.51	Lung	NA	NA	0.96	Asian	1	Primary	Male	NA	NS	NS	NS	Non-Small Cell Lung Cancer (NSCLC), Squamous Cell Carcinoma	NA	214	18.6333333333	lung_NSC	lung_NSC
ccle_broad_2019	LC1SQ_LUNG	LC1SQ_LUNG	NA	NA	Non-Small Cell Lung Cancer	Lung Squamous Cell Carcinoma	NA	NA	ACH-002156	NA	NA	NA	NA	NA	NA	NA	NA	NA	NA	NA	NA	NA	NA	lung	NA	NSCLC_squamous	NSCLC	459	NA	NA	LUSC	NA	NA	NA	NA	NA	NA	NA	1	NA	NA	NA	NA	NA	NA	Non-Small Cell Lung Cancer (NSCLC), Squamous Cell Carcinoma	NA	NA	15.4666666667	NA	lung_NSC
ccle_broad_2019	LC1SQSF_LUNG	LC1SQSF_LUNG	69	CCLE	Non-Small Cell Lung Cancer	Lung Squamous Cell Carcinoma	RIKEN	adherenet	ACH-001113	NA	126.9	NA	Asian	0.7912	5% DMSO	2	japan	RPMI-F12 (1:1) +10% FBS	squamous_cell_carcinoma	NS	NS	Carcinoma	NA	lung	NA	NSCLC_squamous	NSCLC	478	NA	LC-1/sq-SF	LUSC	NA	7.44	Lung	NA	NA	1	Asian	1	Primary	Male	NA	NS	NS	NS	Non-Small Cell Lung Cancer (NSCLC), Squamous Cell Carcinoma	NA	NA	16.0	lung_NSC	lung_NSC
ccle_broad_2019	LC2AD_LUNG	LC2AD_LUNG	NA	NA	Non-Small Cell Lung Cancer	Lung Adenocarcinoma	NA	NA	ACH-002157	NA	NA	NA	NA	NA	NA	NA	NA	NA	NA	NA	NA	NA	NA	lung	NA	NSCLC_adenocarcinoma	NSCLC	341	NA	NA	LUAD	NA	NA	NA	NA	NA	NA	NA	1	NA	NA	NA	NA	NA	NA	Non-Small Cell Lung Cancer (NSCLC), Adenocarcinoma	NA	NA	11.3666666667	NA	lung_NSC
ccle_broad_2019	LCLC103H_LUNG	LCLC103H_LUNG	61	CCLE	Non-Small Cell Lung Cancer	Large Cell Lung Carcinoma	DSMZ	pleomorphic, gigantic, adherent cells growing as monolayer	ACH-000627	NA	NA	~  40 hrs	Caucasian	0.4565	NA	1	NA	90% RPMI 1640 +10%  h. i. FBS	large_cell_carcinoma	NS	NS	Carcinoma	NA	lung	NA	NSCLC_large_cell	NSCLC	419	133.4069632	LCLC-103H	LCLC	Lung:NSCLC_Large_Cell	2.38	Lung	19	127n	0.99	Caucasian	1	Metastasis	Male	pleura	NS	NS	NS	Non-Small Cell Lung Cancer (NSCLC), Large Cell Carcinoma	NA	NA	14.0666666667	lung_NSC	lung_NSC
ccle_broad_2019	LCLC97TM1_LUNG	LCLC97TM1_LUNG	44	CCLE	Non-Small Cell Lung Cancer	Large Cell Lung Carcinoma	DSMZ	adherent epitheloid cells densely packed in islets,growing as monolayers	ACH-000596	NA	NA	> 50 hrs	Caucasian	0.4847	NA	1	NA	80% RPMI 1640 + 20% h. i. FBS	large_cell_carcinoma	NS	NS	Carcinoma	NA	lung	NA	NSCLC_large_cell	NSCLC	415	147.9145815	LCLC-97TM1	LCLC	Lung:NSCLC_Large_Cell	2.9	Lung	NA	NA	0.94	Caucasian	1	Primary	Male	NA	NS	NS	NS	Non-Small Cell Lung Cancer (NSCLC), Large Cell Carcinoma	NA	NA	14.0666666667	lung_NSC	lung_NSC
ccle_broad_2019	LK2_LUNG	LK2_LUNG	NA	CCLE	Non-Small Cell Lung Cancer	Lung Squamous Cell Carcinoma	RIKEN	EPITHELIAL-LIKE ADHERENT CELLS	ACH-000769	lung_cancer	71	NA	Asian	0.7373	5%DMSO	0	NA	RPMI-1640+10%FBS	squamous_cell_carcinoma	NS	NS	Carcinoma	NA	lung	NA	NSCLC_squamous	NSCLC	426	191.7691364	LK-2	LUSC	Lung:NSCLC_Squamous	1.2	Lung	11	128c	1	NA	1	Primary	NA	NA	NS	NS	NS	Non-Small Cell Lung Cancer (NSCLC), Squamous Cell Carcinoma	NA	1277	14.3666666667	lung_NSC	lung_NSC
ccle_broad_2019	LOUNH91_LUNG	LOUNH91_LUNG	64	CCLE	Non-Small Cell Lung Cancer	Lung Squamous Cell Carcinoma	DSMZ	ADHERENT OVOID TO EPITHELOID CELLS GROWING IN MONOLAYERS	ACH-000176	Lung Cancer	101.6	NA	Caucasian	0.2166	5%DMSO	1	NA	RPMI-1640 + 20% FBS	squamous_cell_carcinoma	NS	NS	Carcinoma	NA	lung	NA	NSCLC_squamous	NSCLC	191	91.72271944	LOU-NH91	LUSC	Lung:NSCLC_Squamous	2.16	Lung	NA	NA	1	NA	1	Primary	Female	NA	NS	NS	NS	Non-Small Cell Lung Cancer (NSCLC), Squamous Cell Carcinoma	2mM L-GLUTAMINE	NA	6.5	lung_NSC	lung_NSC
ccle_broad_2019	LU65_LUNG	LU65_LUNG	64	CCLE	Non-Small Cell Lung Cancer	Large Cell Lung Carcinoma	JCRB	Lymphocyte like with partially attached cells	ACH-000438	lung_cancer	NA	NA	Asian	0.3708	5% DMSO	1	NA	RPMI 1640+10%FBS	non_small_cell_carcinoma	NS	NS	Carcinoma	NA	lung	NA	NSCLC_large_cell	NSCLC	325	139.7910668	LU65	LCLC	Lung:NSCLC_Large_Cell	2.35	Lung	22	128n	1	Asian	1	Primary	Male	NA	NS	NS	NS	Non-Small Cell Lung Cancer (NSCLC), Large Cell Carcinoma	NA	NA	10.9333333333	lung_NSC	lung_NSC
ccle_broad_2019	LU99_LUNG	LU99_LUNG	63	CCLE	Non-Small Cell Lung Cancer	Large Cell Lung Carcinoma	HSRRB	Adherent	ACH-000444	NA	40.4	NA	Asian	0.9152	5% DMSO	1	NA	RPMI 1640 +10% FBS	large_cell_carcinoma	NS	NS	Carcinoma	NA	lung	NA	NSCLC_large_cell	NSCLC	364	165.0898898	LU99	LCLC	Lung:NSCLC_Large_Cell	2.71	Lung	NA	NA	0.99	Asian	1	Metastasis	Male	NA	NS	NS	NS	Non-Small Cell Lung Cancer (NSCLC), Large Cell Carcinoma	NA	185	12.1	lung_NSC	lung_NSC
ccle_broad_2019	LU99A_LUNG	LU99A_LUNG	NA	NA	Non-Small Cell Lung Cancer	Large Cell Lung Carcinoma	NA	NA	ACH-002158	NA	NA	NA	NA	NA	NA	NA	NA	NA	NA	NA	NA	NA	NA	lung	NA	NSCLC_large_cell	NSCLC	NA	NA	NA	LCLC	NA	NA	NA	NA	NA	NA	NA	1	NA	NA	NA	NA	NA	NA	Non-Small Cell Lung Cancer (NSCLC), Large Cell Carcinoma	NA	NA	NA	NA	NA
ccle_broad_2019	LUDLU1_LUNG	LUDLU1_LUNG	72	CCLE	Non-Small Cell Lung Cancer	Lung Squamous Cell Carcinoma	ECAAC	epithelial, adherent	ACH-000390	NA	120.7	NA	Caucasian	0.7730	5% DMSO	0	NA	RPMI-1640+10% FBS	squamous_cell_carcinoma	NS	NS	Carcinoma	NA	lung	NA	NSCLC_squamous	NSCLC	235	108.9028042	LUDLU-1	LUSC	Lung:NSCLC_Squamous	1.82	Lung	9	127n	1	Caucasian	1	Primary	Male	NA	NS	NS	NS	Non-Small Cell Lung Cancer (NSCLC), Squamous Cell Carcinoma	NA	NA	7.96666666667	lung_NSC	lung_NSC
ccle_broad_2019	LXF289_LUNG	LXF289_LUNG	63	CCLE	Non-Small Cell Lung Cancer	Lung Adenocarcinoma	DSMZ	adherent epithelial-like growing as monolayer	ACH-000787	NA	63.2	50 hrs	Caucasian	0.4917	5%DMSO	1	NA	Hams F10+10% FBS	adenocarcinoma	NS	NS	Carcinoma	NA	lung	NA	NSCLC_adenocarcinoma	NSCLC	523	187.3366314	LXF-289	LUAD	Lung:NSCLC_Adeno	3.11	Lung	31	128n	1	NA	1	Primary	Male	NA	NS	NS	NS	Non-Small Cell Lung Cancer (NSCLC), Adenocarcinoma	NA	NA	17.6333333333	lung_NSC	lung_NSC
ccle_broad_2019	MORCPR_LUNG	MORCPR_LUNG	NA	CCLE	Non-Small Cell Lung Cancer	Lung Adenocarcinoma	ECACC	aggregates in suspension	ACH-000851	Lung Cancer	NA	NA	Caucasian	0.8469	5%DMSO	0	NA	RPMI-1640+ 10%FBS	adenocarcinoma	NS	NS	Carcinoma	NA	lung	NA	NSCLC_adenocarcinoma	NSCLC	714	232.8053039	MOR/CPR	LUAD	Lung:NSCLC_Adeno	1.16	Lung	NA	NA	1	NA	1	Primary	NA	NA	NS	NS	NS	Non-Small Cell Lung Cancer (NSCLC), Adenocarcinoma	2mM glutamine; 1ug/ml cisplatin	NA	23.6333333333	lung_NSC	lung_NSC
ccle_broad_2019	NCIH1155_LUNG	NCIH1155_LUNG	36	CCLE	Non-Small Cell Lung Cancer	Large Cell Lung Carcinoma	ATCC	clusters in suspension	ACH-000980	NA	53	NA	Caucasian	0.1314	5% DMSO	1	NA	DMEM:F12	large_cell_carcinoma	NS	NS	Carcinoma	NA	lung	NA	NSCLC_large_cell	NSCLC	2022	686.7647964	NCI-H1155	LCLC	Lung:NSCLC_Large_Cell	2.08	Lung	26	128n	1	Caucasian	1	Metastasis	Male	lymph_node	NS	NS	NS	Non-Small Cell Lung Cancer (NSCLC), Large Cell Carcinoma	plethora; see sheet	NA	67.4666666667	lung_NSC	lung_NSC
ccle_broad_2019	NCIH1299_LUNG	NCIH1299_LUNG	43	CCLE	Non-Small Cell Lung Cancer	Large Cell Lung Carcinoma	ATCC	Adherent	ACH-000510	lung_cancer	47.4	NA	Caucasian	0.6420	5% DMSO	1	NA	RPMI-1640+10%FBS	non_small_cell_carcinoma	NS	NS	Carcinoma	NA	lung	NA	NSCLC_large_cell	NSCLC	464	136.1844623	NCI-H1299	LCLC	Lung:NSCLC_Others	2.62	Lung	6	129n	1	Caucasian	1	Metastasis	Male	lymph_node	NS	NS	NS	Non-Small Cell Lung Cancer (NSCLC), Large Cell Carcinoma	NA	230	15.5333333333	lung_NSC	lung_NSC
ccle_broad_2019	NCIH1355_LUNG	NCIH1355_LUNG	53	CCLE	Non-Small Cell Lung Cancer	Lung Adenocarcinoma	ATCC	Adherent	ACH-000666	NA	157.4	NA	Caucasian	0.5402	5% DMSO	1	NA	DMEM/F12(1:1) +10 % FBS	adenocarcinoma	NS	NS	Carcinoma	NA	lung	NA	NSCLC_adenocarcinoma	NSCLC	428	137.1709772	NCI-H1355	LUAD	Lung:NSCLC_Adeno	2.4	Lung	18	128n	1	Caucasian	1	Metastasis	Male	pleura	NS	NS	NS	Non-Small Cell Lung Cancer (NSCLC), Adenocarcinoma	.02 mg/ml insulin, .01 mg/ml transferrin, 25nM sodium selenite, 50 nM hydrocortisone, 2 mM L-glutamine, 0.5 sodium pyruvate, 1ng/mL EGF	85	14.5	lung_NSC	lung_NSC
ccle_broad_2019	NCIH1373_LUNG	NCIH1373_LUNG	56	CCLE	Non-Small Cell Lung Cancer	Lung Adenocarcinoma	ATCC	adherent	ACH-000845	NA	46.3	NA	African_american	0.6181	5%DMSO	1	NA	RPMI 1640 +10% FBS	adenocarcinoma	NS	NS	Carcinoma	NA	lung	NA	NSCLC_adenocarcinoma	NSCLC	760	NA	NCI-H1373	LUAD	Lung:NSCLC_Adeno	2.87	Lung	NA	NA	1	African_American	1	Primary	Male	NA	NS	NS	NS	Non-Small Cell Lung Cancer (NSCLC), Adenocarcinoma	NA	NA	25.3333333333	lung_NSC	lung_NSC
ccle_broad_2019	NCIH1385_LUNG	NCIH1385_LUNG	NA	CCLE	Non-Small Cell Lung Cancer	Lung Squamous Cell Carcinoma	NA	NA	ACH-000737	NA	NA	NA	African_american	0.9452	NA	1	NA	NA	squamous_cell_carcinoma	NS	NS	Carcinoma	NA	lung	NA	NSCLC_squamous	NSCLC	315	154.6284895	NCI-H1385	LUSC	Lung:NSCLC_Squamous	2.69	Lung	NA	NA	0.99	NA	1	Metastasis	NA	lymph_node	NS	NS	NS	Non-Small Cell Lung Cancer (NSCLC), Squamous Cell Carcinoma	NA	NA	10.4666666667	lung_NSC	lung_NSC
ccle_broad_2019	NCIH1395_LUNG	NCIH1395_LUNG	55	CCLE	Non-Small Cell Lung Cancer	Lung Adenocarcinoma	ATCC	adherent	ACH-000327	lung_cancer	94.2	NA	Caucasian	0.7259	5% DMSO	1	NA	RPMI+10%FBS	adenocarcinoma	NS	NS	Carcinoma	NA	lung	NA	NSCLC_adenocarcinoma	NSCLC	294	93.0620724	NCI-H1395	LUAD	Lung:NSCLC_Adeno	2.73	Lung	NA	NA	0.97	Caucasian	1	Primary	Female	NA	NS	NS	NS	Non-Small Cell Lung Cancer (NSCLC), Adenocarcinoma	NA	NA	9.86666666667	lung_NSC	lung_NSC
ccle_broad_2019	NCIH1435_LUNG	NCIH1435_LUNG	35	CCLE	Non-Small Cell Lung Cancer	Lung Adenocarcinoma	ATCC	Adherent, single cells loosely attached	ACH-000852	NA	81.4	NA	Caucasian	0.6096	5%DMSO	0	NA	RPMI 1640+10%FBS	non_small_cell_carcinoma	NS	NS	Carcinoma	NA	lung	NA	NSCLC_adenocarcinoma	NSCLC	1025	227.3039762	NCI-H1435	LUAD	Lung:NSCLC_Adeno	1.87	Lung	15	127c	1	NA	1	Primary	Female	NA	NS	NS	NS	Non-Small Cell Lung Cancer (NSCLC), Adenocarcinoma	NA	150	34.5333333333	lung_NSC	lung_NSC
ccle_broad_2019	NCIH1437_LUNG	NCIH1437_LUNG	6	CCLE	Non-Small Cell Lung Cancer	Lung Adenocarcinoma	ATCC	Adherent	ACH-000589	lung_cancer	48.6	NA	Caucasian	0.6445	5% DMSO	1	NA	RPMI+10%FBS	adenocarcinoma	NS	NS	Carcinoma	NA	lung	NA	NSCLC_adenocarcinoma	NSCLC	386	126.2080661	NCI-H1437	LUAD	Lung:NSCLC_Adeno	2.89	Lung	18	128c	1	Caucasian	1	Metastasis	Male	pleura	NS	NS	NS	Non-Small Cell Lung Cancer (NSCLC), Adenocarcinoma	NA	90	13.0666666667	lung_NSC	lung_NSC
ccle_broad_2019	NCIH1563_LUNG	NCIH1563_LUNG	NA	CCLE	Non-Small Cell Lung Cancer	Lung Adenocarcinoma	ATCC	adherent	ACH-000892	NA	165.5	NA	Caucasian	0.5419	5% DMSO	1	NA	RPMI+10%FBS	adenocarcinoma	NS	NS	Carcinoma	NA	lung	NA	NSCLC_adenocarcinoma	NSCLC	581	272.0403023	NCI-H1563	LUAD	Lung:NSCLC_Adeno	3.87	Lung	NA	NA	1	NA	1	Primary	Male	NA	NS	NS	NS	Non-Small Cell Lung Cancer (NSCLC), Adenocarcinoma	NA	NA	19.6	lung_NSC	lung_NSC
ccle_broad_2019	NCIH1568_LUNG	NCIH1568_LUNG	48	CCLE	Non-Small Cell Lung Cancer	Lung Adenocarcinoma	ATCC	adherent	ACH-000869	NA	67	NA	Caucasian	0.8206	5% DMSO	1	NA	RPMI+10%FBS	non_small_cell_carcinoma	NS	NS	Carcinoma	NA	lung	NA	NSCLC_adenocarcinoma	NSCLC	844	238.7618945	NCI-H1568	LUAD	Lung:NSCLC_Adeno	2.59	Lung	15	128n	1	Caucasian	1	Metastasis	Female	lymph_node	NS	NS	NS	Non-Small Cell Lung Cancer (NSCLC), Adenocarcinoma	NA	NA	28.4	lung_NSC	lung_NSC
ccle_broad_2019	NCIH1573_LUNG	NCIH1573_LUNG	35	CCLE	Non-Small Cell Lung Cancer	Lung Adenocarcinoma	ATCC	Adherent	ACH-000916	NA	118.2	NA	Caucasian	0.8552	5% DMSO	0	NA	DMEM/F12(1:1) +10 % FBS	adenocarcinoma	NS	NS	Carcinoma	NA	lung	NA	NSCLC_adenocarcinoma	NSCLC	1567	337.2852014	NCI-H1573	LUAD	Lung:NSCLC_Adeno	1.71	Lung	12	126	1	Caucasian	1	Metastasis	Female	soft_tissue	NS	NS	NS	Non-Small Cell Lung Cancer (NSCLC), Adenocarcinoma	.02 mg/ml insulin, .01 mg/ml transferrin, 25nM sodium selenite, 1ng/mL EGF,  50 nM hydrocortisone, 2 mM L-glutamine, 0.5 sodium pyruvate	NA	52.3333333333	lung_NSC	lung_NSC
ccle_broad_2019	NCIH1581_LUNG	NCIH1581_LUNG	44	CCLE	Non-Small Cell Lung Cancer	Large Cell Lung Carcinoma	ATCC	Mixed	ACH-000015	NA	34.1	NA	Caucasian	0.8657	5% DMSO	0	NA	DMEM:F12	large_cell_carcinoma	NS	NS	Carcinoma	NA	lung	NA	NSCLC_large_cell	NSCLC	290	105.484781	NCI-H1581	LCLC	Lung:NSCLC_Large_Cell	1.66	Lung	14	127c	1	Caucasian	1	Primary	Male	NA	NS	NS	NS	Non-Small Cell Lung Cancer (NSCLC), Large Cell Carcinoma	plethora; see sheet	NA	9.9	lung_NSC	lung_NSC
ccle_broad_2019	NCIH1623_LUNG	NCIH1623_LUNG	58	CCLE	Non-Small Cell Lung Cancer	Lung Adenocarcinoma	ATCC	Adherent, single cells and clusters loosely attached	ACH-000744	NA	189.6	NA	Caucasian	0.6844	5%DMSO	1	NA	RPMI 1640+10%FBS	adenocarcinoma	NS	NS	Carcinoma	NA	lung	NA	NSCLC_adenocarcinoma	NSCLC	735	154.9801859	NCI-H1623	LUAD	Lung:NSCLC_Adeno	2.82	Lung	NA	NA	0.99	Caucasian	1	Metastasis	Male	lymph_node	NS	NS	NS	Non-Small Cell Lung Cancer (NSCLC), Adenocarcinoma	NA	NA	24.4333333333	lung_NSC	lung_NSC
ccle_broad_2019	NCIH1648_LUNG	NCIH1648_LUNG	39	CCLE	Non-Small Cell Lung Cancer	Lung Adenocarcinoma	ATCC	Mix	ACH-000766	lung_cancer	202.6	NA	African_american	0.8690	5% DMSO	1	NA	DMEM/F12(1:1) +10 % FBS	adenocarcinoma	NS	NS	Carcinoma	NA	lung	NA	NSCLC_adenocarcinoma	NSCLC	573	177.9776725	NCI-H1648	LUAD	Lung:NSCLC_Adeno	2.5	Lung	NA	NA	0.99	African_American	1	Metastasis	Male	lymph_node	NS	NS	NS	Non-Small Cell Lung Cancer (NSCLC), Adenocarcinoma	.02 mg/ml insulin, .01 mg/ml transferrin, 25nM sodium selenite, 50 nM hydrocortisone, 2 mM L-glutamine, 0.5 sodium pyruvate, 1ng/mL EGF	NA	19.2333333333	lung_NSC	lung_NSC
ccle_broad_2019	NCIH1650_LUNG	NCIH1650_LUNG	27	CCLE	Non-Small Cell Lung Cancer	Lung Adenocarcinoma	ATCC	adherent; epithelial	ACH-000035	lung_cancer	52.2	NA	Caucasian	0.2893	5%DMSO	1	NA	RPMI+10%FBS	bronchioloalveolar_adenocarcinoma	NS	NS	Carcinoma	NA	lung	NA	NSCLC_adenocarcinoma	NSCLC	129	60.12771707	NCI-H1650	LUAD	Lung:NSCLC_Adeno	2.08	Lung	11	130n	0.99	Caucasian	1	Metastasis	Male	pleura	NS	NS	NS	Non-Small Cell Lung Cancer (NSCLC), Adenocarcinoma	NA	50	4.33333333333	lung_NSC	lung_NSC
ccle_broad_2019	NCIH1651_LUNG	NCIH1651_LUNG	71	CCLE	Non-Small Cell Lung Cancer	Lung Adenocarcinoma	ATCC	adherent	ACH-000893	NA	138.7	NA	Caucasian	0.7012	5% DMSO	2	NA	DMEM:F12 (1:1) + 10% FBS	adenocarcinoma	NS	NS	Carcinoma	NA	lung	NA	NSCLC_adenocarcinoma	NSCLC	999	272.2196239	NCI-H1651	LUAD	Lung:NSCLC_Adeno	2.92	Lung	NA	NA	1	NA	1	Primary	Male	NA	NS	NS	NS	Non-Small Cell Lung Cancer (NSCLC), Adenocarcinoma	0.02 mg/ml insulin, 0.01 mg/ml transferrin, 25 nM sodium selenite, 50 nM Hydrocortisone, 1 ng/ml EGF(don't filter), 0.01 mM ethanolamine, 0.01 mM phosphorylethanolamine, 100 pM triiodothyronine, 0.5% bovine serum albumin, 0.5 mM sodium pyruvate,  2mM L-gl	292	33.3666666667	lung_NSC	lung_NSC
ccle_broad_2019	NCIH1666_LUNG	NCIH1666_LUNG	50	CCLE	Non-Small Cell Lung Cancer	Lung Adenocarcinoma	ATCC	adherent	ACH-000448	lung_cancer	258.6	NA	Caucasian	0.4648	5% DMSO	1	NA	DMEM:F:12 (1:1) +10 %FBS	bronchioloalveolar_adenocarcinoma	NS	NS	Carcinoma	NA	lung	NA	NSCLC_adenocarcinoma	NSCLC	366	110.7362811	NCI-H1666	LUAD	Lung:NSCLC_Adeno	3.02	Lung	16	127c	0.99	Caucasian	1	Metastasis	Female	pleura	NS	NS	NS	Non-Small Cell Lung Cancer (NSCLC), Adenocarcinoma	.005 mg/ml insulin, .01 mg/ml transferrin, 25nM sodium selenite, 50nM hydrocortisone, 1 ng/mL epidermal growth factor, 0.01mM ethanolamine, 0.01mM phosphorylethanolamine, 100pM triiodothyronine, 0.5%(w/v) bovine serum albumin, 0.5 mM sodium pyruvate, 2mM 	105	12.1666666667	lung_NSC	lung_NSC
ccle_broad_2019	NCIH1693_LUNG	NCIH1693_LUNG	55	CCLE	Non-Small Cell Lung Cancer	Lung Adenocarcinoma	ATCC	Adherent	ACH-000021	NA	94.7	NA	Caucasian	0.6365	10%DMSO	1	NA	RPMI1640+5%FBS	adenocarcinoma	NS	NS	Carcinoma	NA	lung	NA	NSCLC_adenocarcinoma	NSCLC	344	103.8152089	NCI-H1693	LUAD	Lung:NSCLC_Adeno	2.9	Lung	8	128c	1	Caucasian	1	Metastasis	Female	lymph_node	NS	NS	NS	Non-Small Cell Lung Cancer (NSCLC), Adenocarcinoma	NA	130	11.6	lung_NSC	lung_NSC
ccle_broad_2019	NCIH1703_LUNG	NCIH1703_LUNG	54	CCLE	Non-Small Cell Lung Cancer	Lung Squamous Cell Carcinoma	ATCC	Adherent	ACH-000747	lung_cancer	41.1	NA	Caucasian	0.5243	5% DMSO	1	NA	RPMI+10%FBS	adenocarcinoma	NS	NS	Carcinoma	NA	lung	NA	NSCLC_squamous	NSCLC	599	166.6783902	NCI-H1703	LUSC	Lung:NSCLC_Squamous	2.44	Lung	19	128c	1	Caucasian	1	Primary	Male	NA	NS	NS	NS	Non-Small Cell Lung Cancer (NSCLC), Squamous Cell Carcinoma	NA	70	20.0	lung_NSC	lung_NSC
ccle_broad_2019	NCIH1734_LUNG	NCIH1734_LUNG	56	CCLE	Non-Small Cell Lung Cancer	Lung Adenocarcinoma	ATCC	Adherent	ACH-000675	NA	NA	NA	Caucasian	0.8213	5%DMSO	1	NA	RPMI-1640  +10% FBS	adenocarcinoma	NS	NS	Carcinoma	NA	lung	NA	NSCLC_adenocarcinoma	NSCLC	602	153.1393568	NCI-H1734	LUAD	Lung:NSCLC_Adeno	2.63	Lung	NA	NA	1	NA	1	Primary	Female	NA	NS	NS	NS	Non-Small Cell Lung Cancer (NSCLC), Adenocarcinoma	NA	NA	20.1333333333	lung_NSC	lung_NSC
ccle_broad_2019	NCIH1755_LUNG	NCIH1755_LUNG	65	CCLE	Non-Small Cell Lung Cancer	Lung Adenocarcinoma	ATCC	Mixed adherent and suspension	ACH-000282	NA	41	NA	Caucasian	0.5618	5%DMSO	1	NA	RPMI 1640+10%FBS	adenocarcinoma	NS	NS	Carcinoma	NA	lung	NA	NSCLC_adenocarcinoma	NSCLC	305	101.8703799	NCI-H1755	LUAD	Lung:NSCLC_Adeno	2.82	Lung	NA	NA	1	Caucasian	1	Metastasis	Female	liver	NS	NS	NS	Non-Small Cell Lung Cancer (NSCLC), Adenocarcinoma	NA	NA	10.3	lung_NSC	lung_NSC
ccle_broad_2019	NCIH1770_LUNG	NCIH1770_LUNG	NA	NA	Non-Small Cell Lung Cancer	Lung Adenocarcinoma	NA	NA	ACH-001362	NA	NA	NA	NA	NA	NA	NA	NA	NA	NA	NA	NA	NA	NA	lung	NA	NA	NSCLC	1024	NA	NA	LUAD	NA	NA	NA	NA	NA	NA	NA	1	NA	NA	NA	NA	NA	NA	Non-Small Cell Lung Cancer (NSCLC), unspecified	NA	NA	34.3666666667	NA	lung_NSC
ccle_broad_2019	NCIH1781_LUNG	NCIH1781_LUNG	66	CCLE	Non-Small Cell Lung Cancer	Lung Adenocarcinoma	ATCC	Adherent	ACH-000379	NA	197.3	NA	Caucasian	0.9018	5%DMSO	1	NA	NA	bronchioloalveolar_adenocarcinoma	NS	NS	Carcinoma	NA	lung	NA	NSCLC_adenocarcinoma	NSCLC	278	89.94197218	NCI-H1781	LUAD	Lung:NSCLC_Adeno	2.51	Lung	NA	NA	1	Caucasian	1	Metastasis	Female	pleura	NS	NS	NS	Non-Small Cell Lung Cancer (NSCLC), Adenocarcinoma	NA	NA	9.3	lung_NSC	lung_NSC
ccle_broad_2019	NCIH1792_LUNG	NCIH1792_LUNG	50	CCLE	Non-Small Cell Lung Cancer	Lung Adenocarcinoma	ATCC	adherent	ACH-000496	NA	31.2	NA	Caucasian	0.4197	5% DMSO	1	NA	RPMI+10%FBS	adenocarcinoma	NS	NS	Carcinoma	NA	lung	NA	NSCLC_adenocarcinoma	NSCLC	296	125.0865901	NCI-H1792	LUAD	Lung:NSCLC_Adeno	2.28	Lung	14	128n	1	Caucasian	1	Metastasis	Male	pleura	NS	NS	NS	Non-Small Cell Lung Cancer (NSCLC), Adenocarcinoma	NA	161	9.96666666667	lung_NSC	lung_NSC
ccle_broad_2019	NCIH1793_LUNG	NCIH1793_LUNG	52	CCLE	Non-Small Cell Lung Cancer	Lung Adenocarcinoma	ATCC	adherent; epithelial	ACH-000888	NA	98.1	NA	Caucasian	0.5702	5% DMSO	1	NA	DMEM:F12	non_small_cell_carcinoma	NS	NS	Carcinoma	NA	lung	NA	NSCLC_adenocarcinoma	NSCLC	1369	282.9219689	NCI-H1793	LUAD	Lung:NSCLC_Adeno	3.4	Lung	17	128n	1	NA	1	Primary	Female	NA	NS	NS	NS	Non-Small Cell Lung Cancer (NSCLC), Adenocarcinoma	plethora; see sheet	246	45.9333333333	lung_NSC	lung_NSC
ccle_broad_2019	NCIH1819_LUNG	NCIH1819_LUNG	NA	NA	Non-Small Cell Lung Cancer	Lung Adenocarcinoma	NA	NA	ACH-000033	NA	NA	NA	NA	NA	NA	NA	NA	NA	NA	NA	NA	NA	NA	lung	NA	NSCLC_adenocarcinoma	NSCLC	195	NA	NA	LUAD	NA	NA	NA	NA	NA	NA	NA	1	NA	NA	NA	NA	NA	NA	Non-Small Cell Lung Cancer (NSCLC), Adenocarcinoma	NA	NA	6.5	NA	NA
ccle_broad_2019	NCIH1838_LUNG	NCIH1838_LUNG	NA	CCLE	Non-Small Cell Lung Cancer	Lung Adenocarcinoma	ATCC	ADHERENT	ACH-000733	NA	72	NA	Caucasian	0.6859	5% DMSO	2	NA	RPMI-1640+10%FBS	non_small_cell_carcinoma	NS	NS	Carcinoma	NA	lung	NA	NSCLC_adenocarcinoma	NSCLC	588	152.9435432	NCI-H1838	LUAD	Lung:NSCLC_Adeno	2.96	Lung	NA	NA	1	NA	1	Primary	Female	NA	NS	NS	NS	Non-Small Cell Lung Cancer (NSCLC), Adenocarcinoma	NA	NA	19.7333333333	lung_NSC	lung_NSC
ccle_broad_2019	NCIH1869_LUNG	NCIH1869_LUNG	58	CCLE	Non-Small Cell Lung Cancer	Lung Squamous Cell Carcinoma	ATCC	Adherent	ACH-000894	NA	207.3	NA	Caucasian	0.6517	5%DMSO	2	NA	RPMI 1640+10%FBS	squamous_cell_carcinoma	NS	NS	Carcinoma	NA	lung	NA	NSCLC_squamous	NSCLC	378	425.9997682	NCI-H1869	LUSC	Lung:NSCLC_Squamous	3.99	Lung	NA	NA	1	Caucasian	1	Metastasis	Male	pleura	NS	NS	NS	Non-Small Cell Lung Cancer (NSCLC), Squamous Cell Carcinoma	NA	57	12.7	lung_NSC	lung_NSC
ccle_broad_2019	NCIH1915_LUNG	NCIH1915_LUNG	61	CCLE	Non-Small Cell Lung Cancer	Large Cell Lung Carcinoma	ATCC	adherent	ACH-000434	NA	96.8	NA	Caucasian	0.3472	5%DMSO	0	NA	RPMI 1640 +10% FBS	large_cell_carcinoma	NS	NS	Carcinoma	NA	lung	NA	NSCLC_large_cell	NSCLC	417	109.1253001	NCI-H1915	LCLC	Lung:NSCLC_Large_Cell	2.08	Lung	NA	NA	1	Caucasian	1	Metastasis	Female	brain	NS	NS	NS	Non-Small Cell Lung Cancer (NSCLC), Large Cell Carcinoma	NA	NA	13.9	lung_NSC	lung_NSC
ccle_broad_2019	NCIH1944_LUNG	NCIH1944_LUNG	62	CCLE	Non-Small Cell Lung Cancer	Lung Adenocarcinoma	ATCC	Adherent	ACH-000414	NA	70.1	NA	Caucasian	0.1886	5%DMSO	0	NA	RPMI+10%FBS	non_small_cell_carcinoma	NS	NS	Carcinoma	NA	lung	NA	NSCLC_adenocarcinoma	NSCLC	467	111.6303064	NCI-H1944	LUAD	Lung:NSCLC_Adeno	2.19	Lung	15	128c	1	Caucasian	1	Metastasis	Female	soft_tissue	NS	NS	NS	Non-Small Cell Lung Cancer (NSCLC), Adenocarcinoma	NA	NA	15.6666666667	lung_NSC	lung_NSC
ccle_broad_2019	NCIH1975_LUNG	NCIH1975_LUNG	NA	CCLE	Non-Small Cell Lung Cancer	Lung Adenocarcinoma	ATCC	ADHERENT EPITHELIAL;	ACH-000587	lung_cancer	52.6	NA	Caucasian	0.5945	5%DMSO	1	NA	RPMI-1640+10%FBS	non_small_cell_carcinoma	NS	NS	Carcinoma	NA	lung	NA	NSCLC_adenocarcinoma	NSCLC	337	121.5085676	NCI-H1975	LUAD	Lung:NSCLC_Adeno	2.9	Lung	13	128c	1	NA	1	Primary	Female	NA	NS	NS	NS	Non-Small Cell Lung Cancer (NSCLC), Adenocarcinoma	NA	86	11.3666666667	lung_NSC	lung_NSC
ccle_broad_2019	NCIH1993_LUNG	NCIH1993_LUNG	NA	NA	Non-Small Cell Lung Cancer	Lung Adenocarcinoma	NA	NA	ACH-001137	NA	NA	NA	NA	NA	NA	NA	NA	NA	NA	NA	NA	NA	NA	lung	NA	NSCLC_adenocarcinoma	NSCLC	515	NA	NA	LUAD	NA	NA	NA	NA	NA	NA	NA	1	NA	NA	NA	NA	NA	NA	Non-Small Cell Lung Cancer (NSCLC), Adenocarcinoma	NA	NA	17.2	NA	lung_NSC
ccle_broad_2019	NCIH2009_LUNG	NCIH2009_LUNG	68	CCLE	Non-Small Cell Lung Cancer	Lung Adenocarcinoma	ATCC	NA	ACH-000886	lung_cancer	53.7	NA	Caucasian	0.4561	5%DMSO	1	NA	DMEM:HAM's F12  1:1  +5% FBS	adenocarcinoma	NS	NS	Carcinoma	NA	lung	NA	NSCLC_adenocarcinoma	NSCLC	887	295.7446546	NCI-H2009	LUAD	Lung:NSCLC_Adeno	2.36	Lung	19	129c	1	Caucasian	1	Metastasis	Female	lymph_node	NS	NS	NS	Non-Small Cell Lung Cancer (NSCLC), Adenocarcinoma	0.005 mg/ml Insulin, 0.01 mg/ml transferrin, 30 nM sodium selenite, 10 nM hydrocortisone, 10 nM beta estradiol, 10 mM HEPES, 1 mM L-glutamine	NA	29.7333333333	lung_NSC	lung_NSC
ccle_broad_2019	NCIH2023_LUNG	NCIH2023_LUNG	26	CCLE	Non-Small Cell Lung Cancer	Lung Adenocarcinoma	ATCC	adherent	ACH-000781	NA	NA	NA	Caucasian	0.6104	5% DMSO	1	NA	DMEM:HAM's F12  1:1 + 5 % FBS	adenocarcinoma	NS	NS	Carcinoma	NA	lung	NA	NSCLC_adenocarcinoma	NSCLC	646	183.4098616	NCI-H2023	LUAD	Lung:NSCLC_Adeno	2.66	Lung	NA	NA	1	Caucasian	1	Metastasis	Male	lymph_node	NS	NS	NS	Non-Small Cell Lung Cancer (NSCLC), Adenocarcinoma	.005 mg/ml insulin, .01 mg/ml transferrin, 30nM sodium selenite, 10 nM hydrocortisone, 10 nM beta estradiol, 10 mM HEPES, 2 mM L-glutamine	NA	21.7666666667	lung_NSC	lung_NSC
ccle_broad_2019	NCIH2030_LUNG	NCIH2030_LUNG	NA	CCLE	Non-Small Cell Lung Cancer	Lung Adenocarcinoma	ATCC	adherent; epithelial	ACH-000521	NA	57.4	NA	Caucasian	0.5965	5% DMSO	1	NA	RPMI-1640+10%FBS	non_small_cell_carcinoma	NS	NS	Carcinoma	NA	lung	NA	NSCLC_adenocarcinoma	NSCLC	354	113.2454435	NCI-H2030	LUAD	Lung:NSCLC_Adeno	2.12	Lung	18	130c	1	NA	1	Metastasis	Male	lymph_node	NS	NS	NS	Non-Small Cell Lung Cancer (NSCLC), Adenocarcinoma	NA	77	12.0	lung_NSC	lung_NSC
ccle_broad_2019	NCIH2073_LUNG	NCIH2073_LUNG	47	CCLE	Non-Small Cell Lung Cancer	Lung Adenocarcinoma	ATCC	adherent epithelial	ACH-000590	NA	152.5	NA	Caucasian	0.8657	5%DMSO	1	NA	RPMI-1640 + 10% FBS	adenocarcinoma	NS	NS	Carcinoma	NA	lung	NA	NSCLC_adenocarcinoma	NSCLC	530	121.5058245	NCI-H2073	LUAD	Lung:NSCLC_Adeno	2.57	Lung	NA	NA	0.99	Caucasian	1	Primary	Female	NA	NS	NS	NS	Non-Small Cell Lung Cancer (NSCLC), Adenocarcinoma	NA	NA	17.6	lung_NSC	lung_NSC
ccle_broad_2019	NCIH2077_LUNG	NCIH2077_LUNG	NA	NA	Non-Small Cell Lung Cancer	Lung Adenocarcinoma	NA	NA	ACH-000010	NA	NA	NA	NA	NA	NA	NA	NA	NA	NA	NA	NA	NA	NA	lung	NA	NSCLC_adenocarcinoma	NSCLC	157	NA	NA	LUAD	NA	NA	NA	NA	NA	NA	NA	1	NA	NA	NA	NA	NA	NA	Non-Small Cell Lung Cancer (NSCLC), Adenocarcinoma	NA	NA	5.26666666667	NA	NA
ccle_broad_2019	NCIH2085_LUNG	NCIH2085_LUNG	45	CCLE	Non-Small Cell Lung Cancer	Lung Adenocarcinoma	ATCC	NA	ACH-000451	NA	98.9	NA	Caucasian	0.5723	5% DMSO	1	NA	DMEM:F12 (1:1) + 10% FBS	adenocarcinoma	NS	NS	Carcinoma	NA	lung	NA	NSCLC_adenocarcinoma	NSCLC	332	111.5684726	NCI-H2085	LUAD	Lung:NSCLC_Adeno	2.68	Lung	NA	NA	0.99	NA	1	Primary	Male	NA	NS	NS	NS	Non-Small Cell Lung Cancer (NSCLC), Adenocarcinoma	0.02 mg/ml insulin, 0.01 mg/ml transferrin, 25 nM sodium selenite, 50 nM Hydrocortisone, 1 ng/ml EGF(don't filter), 0.01 mM ethanolamine, 0.01 mM phosphorylethanolamine, 100 pM triiodothyronine, 0.5% bovine serum albumin, 0.5 mM sodium pyruvate,  2mM L-gl	NA	11.1666666667	lung_NSC	lung_NSC
ccle_broad_2019	NCIH2087_LUNG	NCIH2087_LUNG	69	CCLE	Non-Small Cell Lung Cancer	Lung Adenocarcinoma	ATCC	NA	ACH-000841	lung_cancer	104.2	NA	Caucasian	0.6178	5% DMSO	1	NA	DMEM:F12 (1:1) + 10% FBS	adenocarcinoma	NS	NS	Carcinoma	NA	lung	NA	NSCLC_adenocarcinoma	NSCLC	677	212.0987614	NCI-H2087	LUAD	Lung:NSCLC_Adeno	2.84	Lung	NA	NA	0.99	Caucasian	1	Metastasis	Male	lymph_node	NS	NS	NS	Non-Small Cell Lung Cancer (NSCLC), Adenocarcinoma	0.02 mg/ml insulin, 0.01 mg/ml transferrin, 25 nM sodium selenite, 50 nM Hydrocortisone, 1 ng/ml EGF(don't filter), 0.01 mM ethanolamine, 0.01 mM phosphorylethanolamine, 100 pM triiodothyronine, 0.5% bovine serum albumin, 0.5 mM sodium pyruvate,  2mM L-gl	NA	22.6666666667	lung_NSC	lung_NSC
ccle_broad_2019	NCIH2106_LUNG	NCIH2106_LUNG	58	CCLE	Non-Small Cell Lung Cancer	Large Cell Lung Carcinoma	GNF	NA	ACH-000904	NA	NA	NA	Caucasian	0.4639	NA	1	NA	NA	non_small_cell_carcinoma	NS	NS	Carcinoma	NA	lung	NA	NSCLC_large_cell	NSCLC	750	259.7926564	NCI-H2106	LCLC	Lung:NSCLC_Others	3.54	Lung	NA	NA	1	Caucasian	1	Metastasis	Male	lymph_node	NS	NS	NS	Non-Small Cell Lung Cancer (NSCLC), Large Cell Carcinoma	NA	NA	25.1666666667	lung_NSC	lung_NSC
ccle_broad_2019	NCIH2110_LUNG	NCIH2110_LUNG	NA	CCLE	Non-Small Cell Lung Cancer	Non-Small Cell Lung Cancer	GNF	NA	ACH-000929	NA	NA	NA	African_american	0.6907	NA	1	NA	NA	non_small_cell_carcinoma	NS	NS	Carcinoma	NA	lung	NA	NA	NSCLC	1729	405.948948	NCI-H2110	NSCLC	Lung:NSCLC_Others	2.67	Lung	10	127n	0.99	NA	1	Metastasis	NA	pleura	NS	NS	NS	Non-Small Cell Lung Cancer (NSCLC), unspecified	NA	NA	58.1	lung_NSC	lung_NSC
ccle_broad_2019	NCIH2122_LUNG	NCIH2122_LUNG	46	CCLE	Non-Small Cell Lung Cancer	Lung Adenocarcinoma	ATCC	Suspension	ACH-000311	lung_cancer	47.77519	NA	Caucasian	0.8082	5%DMSO	1	NA	RPMI-1640+10%FBS	adenocarcinoma	NS	NS	Carcinoma	NA	lung	NA	NSCLC_adenocarcinoma	NSCLC	252	116.8282791	NCI-H2122	LUAD	Lung:NSCLC_Adeno	2.49	Lung	18	129n	1	Caucasian	1	Metastasis	Female	pleura	NS	NS	NS	Non-Small Cell Lung Cancer (NSCLC), Adenocarcinoma	NA	124	8.5	lung_NSC	lung_NSC
ccle_broad_2019	NCIH2126_LUNG	NCIH2126_LUNG	65	CCLE	Non-Small Cell Lung Cancer	Lung Adenocarcinoma	ATCC	adherent epithelial	ACH-000785	lung_cancer	423.2	NA	Caucasian	0.5431	5%DMSO	2	NA	DMEM:HAM's F12  1:1  +5% FBS	adenocarcinoma	NS	NS	Carcinoma	NA	lung	NA	NSCLC_adenocarcinoma	NSCLC	747	177.9362885	NCI-H2126	LUAD	Lung:NSCLC_Adeno	3.45	Lung	17	128c	1	Caucasian	1	Metastasis	Male	pleura	NS	NS	NS	Non-Small Cell Lung Cancer (NSCLC), Adenocarcinoma	0.005 mg/ml Insulin, 0.01 mg/ml transferrin, 30 nM sodium selenite, 10 nM hydrocortisone, 10 nM beta estradiol, 10 mM HEPES, 1 mM L-glutamine	NA	25.1	lung_NSC	lung_NSC
ccle_broad_2019	NCIH2135_LUNG	NCIH2135_LUNG	NA	NA	Non-Small Cell Lung Cancer	Lung Adenocarcinoma	NA	NA	ACH-001363	NA	NA	NA	NA	NA	NA	NA	NA	NA	NA	NA	NA	NA	NA	lung	NA	NA	NSCLC	680	NA	NA	LUAD	NA	NA	NA	NA	NA	NA	NA	1	NA	NA	NA	NA	NA	NA	Non-Small Cell Lung Cancer (NSCLC), unspecified	NA	NA	22.6333333333	NA	lung_NSC
ccle_broad_2019	NCIH2170_LUNG	NCIH2170_LUNG	NA	CCLE	Non-Small Cell Lung Cancer	Lung Squamous Cell Carcinoma	NA	MIXED	ACH-000481	NA	68.7	NA	Caucasian	0.5654	5%DMSO	1	NA	RPMI1640+10%FBS	squamous_cell_carcinoma	NS	NS	Carcinoma	NA	lung	NA	NSCLC_squamous	NSCLC	389	120.027116	NCI-H2170	LUSC	Lung:NSCLC_Squamous	2.91	Lung	12	128c	1	NA	1	Primary	Male	NA	NS	NS	NS	Non-Small Cell Lung Cancer (NSCLC), Squamous Cell Carcinoma	NA	83	13.1666666667	lung_NSC	lung_NSC
ccle_broad_2019	NCIH2172_LUNG	NCIH2172_LUNG	NA	CCLE	Non-Small Cell Lung Cancer	Non-Small Cell Lung Cancer	ATCC	Adherent	ACH-000924	NA	55	NA	African_american	0.4887	5% DMSO	2	NA	RPMI+10%FBS	non_small_cell_carcinoma	NS	NS	Carcinoma	NA	lung	NA	NA	NSCLC	1479	395.8472824	NCI-H2172	NSCLC	Lung:NSCLC_Others	4.64	Lung	21	128c	1	NA	1	Primary	Female	NA	NS	NS	NS	Non-Small Cell Lung Cancer (NSCLC), unspecified	NA	NA	49.6333333333	lung_NSC	lung_NSC
ccle_broad_2019	NCIH2228_LUNG	NCIH2228_LUNG	NA	CCLE	Non-Small Cell Lung Cancer	Lung Adenocarcinoma	NA	AHDHERENT; `	ACH-000447	NA	88.8	NA	Caucasian	0.5810	5%DMSO	1	NA	RPMI-1640+10%FBS	adenocarcinoma	NS	NS	Carcinoma	NA	lung	NA	NSCLC_adenocarcinoma	NSCLC	322	108.3070776	NCI-H2228	LUAD	Lung:NSCLC_Adeno	3.92	Lung	17	129n	1	NA	1	Primary	Female	NA	NS	NS	NS	Non-Small Cell Lung Cancer (NSCLC), Adenocarcinoma	NA	105	10.9	lung_NSC	lung_NSC
ccle_broad_2019	NCIH226_LUNG	NCIH226_LUNG	NA	CCLE	Non-Small Cell Lung Cancer	Lung Squamous Cell Carcinoma	ATCC	NA	ACH-000367	lung_cancer	49.8	NA	Caucasian	0.1999	5%DMSO	0	NA	RPMI-1640+10% FBS	squamous_cell_carcinoma	NS	NS	Carcinoma	NA	lung	NA	NSCLC_squamous	NSCLC	214	93.36313254	NCI-H226	LUSC	Lung:NSCLC_Squamous	1.96	Lung	34	127c	1	NA	1	Metastasis	Male	pleura	NS	NS	NS	Non-Small Cell Lung Cancer (NSCLC), Squamous Cell Carcinoma	NA	135	7.16666666667	lung_NSC	lung_NSC
ccle_broad_2019	NCIH2291_LUNG	NCIH2291_LUNG	NA	CCLE	Non-Small Cell Lung Cancer	Lung Adenocarcinoma	ATCC	Adherent , small pools of cells with large extracel. Space	ACH-000718	NA	NA	NA	Caucasian	0.5214	5%DMSO	1	NA	RPMI 1640 +10% FBS	adenocarcinoma	NS	NS	Carcinoma	NA	lung	NA	NSCLC_adenocarcinoma	NSCLC	609	159.0117836	NCI-H2291	LUAD	Lung:NSCLC_Adeno	2.99	Lung	16	128n	1	NA	1	Metastasis	Male	lymph_node	NS	NS	NS	Non-Small Cell Lung Cancer (NSCLC), Adenocarcinoma	NA	NA	20.4333333333	lung_NSC	lung_NSC
ccle_broad_2019	NCIH23_LUNG	NCIH23_LUNG	51	CCLE	Non-Small Cell Lung Cancer	Lung Adenocarcinoma	ATCC	adherent	ACH-000900	non_small_cell_lung_cancer	58.6	NA	African_american	0.7685	5% DMSO	1	NA	RPMI 1640 + 10% FBS	non_small_cell_carcinoma	NS	NS	Carcinoma	NA	lung	NA	NSCLC_adenocarcinoma	NSCLC	1095	261.733481	NCI-H23	LUAD	Lung:NSCLC_Adeno	2.56	Lung	20	129c	1	African_American	1	Primary	Male	NA	NS	NS	NS	Non-Small Cell Lung Cancer (NSCLC), Adenocarcinoma	NA	185	37.1	lung_NSC	lung_NSC
ccle_broad_2019	NCIH2342_LUNG	NCIH2342_LUNG	55	CCLE	Non-Small Cell Lung Cancer	Lung Adenocarcinoma	ATCC	mix	ACH-000951	NA	324.8	NA	Caucasian	0.6101	5 % DMSO	2	NA	DMEM:F12(1:1) + 10%FBS	adenocarcinoma	NS	NS	Carcinoma	NA	lung	NA	NSCLC_adenocarcinoma	NSCLC	2226	508.1042285	NCI-H2342	LUAD	Lung:NSCLC_Adeno	4.55	Lung	NA	NA	1	Caucasian	1	Primary	Male	NA	NS	NS	NS	Non-Small Cell Lung Cancer (NSCLC), Adenocarcinoma	.005 mg/ml insulin, .01 mg/ml transferrin, 30nM sodium selenite, 10 nM hydrocortisone, 10 nM beta estradiol,  2 mM L-glutamine	NA	74.5666666667	lung_NSC	lung_NSC
ccle_broad_2019	NCIH2347_LUNG	NCIH2347_LUNG	54	CCLE	Non-Small Cell Lung Cancer	Lung Adenocarcinoma	ATCC	Mixed, majority adherent	ACH-000875	lung_cancer	181.8	NA	Caucasian	0.5220	5%DMSO	0	NA	RPMI 1640 +10% FBS	adenocarcinoma	NS	NS	Carcinoma	NA	lung	NA	NSCLC_adenocarcinoma	NSCLC	916	250.704126	NCI-H2347	LUAD	Lung:NSCLC_Adeno	2.06	Lung	NA	NA	1	Caucasian	1	Primary	Female	NA	NS	NS	NS	Non-Small Cell Lung Cancer (NSCLC), Adenocarcinoma	NA	NA	30.5666666667	lung_NSC	lung_NSC
ccle_broad_2019	NCIH2405_LUNG	NCIH2405_LUNG	47	CCLE	Non-Small Cell Lung Cancer	Lung Adenocarcinoma	NA	NA	ACH-000121	NA	NA	NA	Caucasian	0.3309	NA	0	NA	NA	adenocarcinoma	NS	NS	Carcinoma	NA	lung	NA	NSCLC_adenocarcinoma	NSCLC	179	99.09336648	NCI-H2405	LUAD	Lung:NSCLC_Adeno	1.9	Lung	NA	NA	1	Caucasian	1	Metastasis	Male	ascites	NS	NS	NS	Non-Small Cell Lung Cancer (NSCLC), Adenocarcinoma	NA	NA	6.0	lung_NSC	lung_NSC
ccle_broad_2019	NCIH2444_LUNG	NCIH2444_LUNG	NA	CCLE	Non-Small Cell Lung Cancer	Non-Small Cell Lung Cancer	ATCC	Adherent	ACH-000186	NA	116	NA	Caucasian	0.5208	5%DMSO	0	NA	RPMI-1640+10% FBS	non_small_cell_carcinoma	NS	NS	Carcinoma	NA	lung	NA	NA	NSCLC	241	84.93713188	NCI-H2444	NSCLC	Lung:NSCLC_Others	1.53	Lung	NA	NA	1	NA	1	Primary	Male	NA	NS	NS	NS	Non-Small Cell Lung Cancer (NSCLC), unspecified	NA	NA	8.16666666667	lung_NSC	lung_NSC
ccle_broad_2019	NCIH2882_LUNG	NCIH2882_LUNG	NA	NA	Non-Small Cell Lung Cancer	Lung Squamous Cell Carcinoma	NA	NA	ACH-000700	NA	NA	NA	NA	NA	NA	NA	NA	NA	NA	NA	NA	NA	NA	lung	NA	NSCLC_squamous	NSCLC	466	NA	NA	LUSC	NA	NA	NA	NA	NA	NA	NA	1	NA	NA	NA	NA	NA	NA	Non-Small Cell Lung Cancer (NSCLC), Squamous Cell Carcinoma	NA	NA	15.5333333333	NA	NA
ccle_broad_2019	NCIH2887_LUNG	NCIH2887_LUNG	NA	NA	Non-Small Cell Lung Cancer	Non-Small Cell Lung Cancer	NA	NA	ACH-000251	NA	NA	NA	NA	NA	NA	NA	NA	NA	NA	NA	NA	NA	NA	lung	NA	NA	NSCLC	200	NA	NA	NSCLC	NA	NA	NA	NA	NA	NA	NA	1	NA	NA	NA	NA	NA	NA	Non-Small Cell Lung Cancer (NSCLC), unspecified	NA	NA	6.73333333333	NA	NA
ccle_broad_2019	NCIH292_LUNG	NCIH292_LUNG	32	CCLE	Non-Small Cell Lung Cancer	Mucoepidermoid Carcinoma of the Lung	NIBRI	NA	ACH-001075	NA	NA	NA	African_american	0.1954	NA	0	NA	NA	mucoepidermoid_carcinoma	NS	NS	Carcinoma	NA	lung	NA	NSCLC_mucoepidermoid	NSCLC	270	117.719142	NCI-H292	LUMEC	Lung:Others	2.1	Lung	36	128c	0.99	African_American	1	Metastasis	Female	lymph_node	NS	NS	NS	Non-Small Cell Lung Cancer (NSCLC), Mucoepidermoid Carcinoma	NA	NA	9.26666666667	lung_NSC	lung_NSC
ccle_broad_2019	NCIH3122_LUNG	NCIH3122_LUNG	NA	NA	Non-Small Cell Lung Cancer	Lung Adenocarcinoma	NA	NA	ACH-000337	NA	NA	NA	NA	NA	NA	NA	NA	NA	NA	NA	NA	NA	NA	lung	NA	NSCLC_adenocarcinoma	NSCLC	326	NA	NA	LUAD	NA	NA	NA	NA	NA	NA	NA	1	NA	NA	NA	NA	NA	NA	Non-Small Cell Lung Cancer (NSCLC), Adenocarcinoma	NA	NA	10.8333333333	NA	lung_NSC
ccle_broad_2019	NCIH322_LUNG	NCIH322_LUNG	52	CCLE	Non-Small Cell Lung Cancer	Lung Adenocarcinoma	EACC	Adherent	ACH-000837	lung_cancer	60.7	NA	Caucasian	0.4158	NA	1	NA	RPMI1640+10%FBS	adenocarcinoma	NS	NS	Carcinoma	NA	lung	NA	NSCLC_adenocarcinoma	NSCLC	649	207.8568338	NCI-H322	LUAD	Lung:NSCLC_Adeno	2.38	Lung	NA	NA	1	Caucasian	1	Primary	Male	NA	NS	NS	NS	Non-Small Cell Lung Cancer (NSCLC), Adenocarcinoma	2mM L-Glutamine	NA	21.6333333333	lung_NSC	lung_NSC
ccle_broad_2019	NCIH322M_LUNG	NCIH322M_LUNG	NA	NA	Non-Small Cell Lung Cancer	Lung Adenocarcinoma	NA	NA	ACH-002172	NA	NA	NA	NA	NA	NA	NA	NA	NA	NA	NA	NA	NA	NA	lung	NA	NSCLC_adenocarcinoma	NSCLC	NA	NA	NA	LUAD	NA	NA	NA	NA	NA	NA	NA	1	NA	NA	NA	NA	NA	NA	Non-Small Cell Lung Cancer (NSCLC), Adenocarcinoma	NA	NA	NA	NA	NA
ccle_broad_2019	NCIH3255_LUNG	NCIH3255_LUNG	NA	CCLE	Non-Small Cell Lung Cancer	Lung Adenocarcinoma	NIBRI	NA	ACH-000109	NA	NA	NA	Caucasian	0.5884	NA	2	NA	NA	adenocarcinoma	NS	NS	Carcinoma	NA	lung	NA	NSCLC_adenocarcinoma	NSCLC	266	87.00395836	NCI-H3255	LUAD	Lung:NSCLC_Adeno	6.75	Lung	13	128n	0.97	NA	1	Primary	NA	NA	NS	NS	NS	Non-Small Cell Lung Cancer (NSCLC), Adenocarcinoma	NA	150	8.93333333333	lung_NSC	lung_NSC
ccle_broad_2019	NCIH358_LUNG	NCIH358_LUNG	NA	CCLE	Non-Small Cell Lung Cancer	Lung Adenocarcinoma	ATCC	adherenet	ACH-000860	bronchioalveolar_carcinoma; non-small_cell lung_cancer	73.9	NA	Caucasian	0.5624	5%DMSO	1	NA	RPMI+10%FBS	bronchioloalveolar_adenocarcinoma	NS	NS	Carcinoma	NA	lung	NA	NSCLC_adenocarcinoma	NSCLC	1231	218.724336	NCI-H358	LUAD	Lung:NSCLC_Adeno	3.46	Lung	6	126	0.98	NA	1	Primary	Male	NA	NS	NS	NS	Non-Small Cell Lung Cancer (NSCLC), Adenocarcinoma	NA	143	41.4666666667	lung_NSC	lung_NSC
ccle_broad_2019	NCIH441_LUNG	NCIH441_LUNG	NA	CCLE	Non-Small Cell Lung Cancer	Lung Adenocarcinoma	ATCC	Adherent; DT=58hrs	ACH-000638	NA	279	58	Caucasian	0.6131	5% DMSO	1	NA	RPMI-1640+10%FBS	adenocarcinoma	NS	NS	Carcinoma	NA	lung	NA	NSCLC_adenocarcinoma	NSCLC	580	131.3333424	NCI-H441	LUAD	Lung:NSCLC_Adeno	2.73	Lung	15	129n	1	NA	1	Metastasis	NA	pericardial_effusion	NS	NS	NS	Non-Small Cell Lung Cancer (NSCLC), Adenocarcinoma	NA	NA	19.3666666667	lung_NSC	lung_NSC
ccle_broad_2019	NCIH460_LUNG	NCIH460_LUNG	NA	CCLE	Non-Small Cell Lung Cancer	Large Cell Lung Carcinoma	ATCC	Adherent	ACH-000463	large_cell_lung_cancer	25.5	NA	Caucasian	0.8784	5% DMSO	1	NA	RPMI-1640+10%FBS	large_cell_carcinoma	NS	NS	Carcinoma	NA	lung	NA	NSCLC_large_cell	NSCLC	391	119.6353574	NCI-H460	LCLC	Lung:NSCLC_Large_Cell	2.54	Lung	22	128c	1	NA	1	Metastasis	Male	pleura	NS	NS	NS	Non-Small Cell Lung Cancer (NSCLC), Large Cell Carcinoma	NA	97	13.2666666667	lung_NSC	lung_NSC
ccle_broad_2019	NCIH520_LUNG	NCIH520_LUNG	NA	CCLE	Non-Small Cell Lung Cancer	Lung Squamous Cell Carcinoma	ATCC	ADHERENT EPITHELIAL;	ACH-000395	NA	47.3	NA	Caucasian	0.6852	5%DMSO	1	NA	RPMI-1640+10% FBS	squamous_cell_carcinoma	NS	NS	Carcinoma	NA	lung	NA	NSCLC_squamous	NSCLC	390	102.7445013	NCI-H520	LUSC	Lung:NSCLC_Squamous	2.6	Lung	10	128n	1	NA	1	Primary	Male	NA	NS	NS	NS	Non-Small Cell Lung Cancer (NSCLC), Squamous Cell Carcinoma	NA	204	13.2	lung_NSC	lung_NSC
ccle_broad_2019	NCIH522_LUNG	NCIH522_LUNG	60	CCLE	Non-Small Cell Lung Cancer	Lung Adenocarcinoma	GNF	NA	ACH-000343	lung_cancer	NA	NA	Caucasian	0.6484	NA	1	NA	NA	non_small_cell_carcinoma	NS	NS	Carcinoma	NA	lung	NA	NSCLC_adenocarcinoma	NSCLC	262	95.03061174	NCI-H522	LUAD	Lung:NSCLC_Adeno	2.42	Lung	22	129n	1	Caucasian	1	Primary	Male	NA	NS	NS	NS	Non-Small Cell Lung Cancer (NSCLC), Adenocarcinoma	NA	152	8.76666666667	lung_NSC	lung_NSC
ccle_broad_2019	NCIH596_LUNG	NCIH596_LUNG	73	CCLE	Non-Small Cell Lung Cancer	Lung Adenosquamous Carcinoma	ATCC	adherent	ACH-000628	NA	156.9	NA	Caucasian	0.5852	5% DMSO	1	NA	RPMI-1640+10% FBS	mixed_adenosquamous_carcinoma	NS	NS	Carcinoma	NA	lung	NA	NSCLC_adenosquamous	NSCLC	406	130.0234562	NCI-H596	LUAS	Lung:NSCLC_Adeno	3.1	Lung	NA	NA	1	Caucasian	1	Primary	Male	NA	NS	NS	NS	Non-Small Cell Lung Cancer (NSCLC), Adenosquamous Carcinoma	NA	101	13.7	lung_NSC	lung_NSC
ccle_broad_2019	NCIH647_LUNG	NCIH647_LUNG	56	CCLE	Non-Small Cell Lung Cancer	Lung Adenosquamous Carcinoma	ATCC	Adherent	ACH-000378	NA	68.6	NA	Caucasian	0.5329	5%DMSO	2	NA	RPMI-1640+10% FBS	mixed_adenosquamous_carcinoma	NS	NS	Carcinoma	NA	lung	NA	NSCLC_adenosquamous	NSCLC	345	113.2413473	NCI-H647	LUAS	Lung:NSCLC_Adeno	3.31	Lung	35	127c	1	Caucasian	1	Metastasis	Male	pleura	NS	NS	NS	Non-Small Cell Lung Cancer (NSCLC), Adenosquamous Carcinoma	NA	NA	11.5333333333	lung_NSC	lung_NSC
ccle_broad_2019	NCIH650_LUNG	NCIH650_LUNG	NA	CCLE	Non-Small Cell Lung Cancer	Lung Adenocarcinoma	ATCC	Mixed cells	ACH-000945	NA	90.6	NA	Caucasian	0.5326	5% DMSO	2	NA	DMEM:F12	bronchioloalveolar_adenocarcinoma	NS	NS	Carcinoma	NA	lung	NA	NSCLC_adenocarcinoma	NSCLC	2522	436.1001821	NCI-H650	LUAD	Lung:NSCLC_Adeno	4.62	Lung	30	130n	1	NA	1	Metastasis	Male	lymph_node	NS	NS	NS	Non-Small Cell Lung Cancer (NSCLC), Adenocarcinoma	plethora; see sheet	228	84.7333333333	lung_NSC	lung_NSC
ccle_broad_2019	NCIH661_LUNG	NCIH661_LUNG	43	CCLE	Non-Small Cell Lung Cancer	Large Cell Lung Carcinoma	ATCC	adherent	ACH-000853	large_cell_lung_cancer	59.5	NA	Caucasian	0.5742	5%DMSO	0	NA	RPMI 1640+10%FBS	large_cell_carcinoma	NS	NS	Carcinoma	NA	lung	NA	NSCLC_large_cell	NSCLC	811	209.1259946	NCI-H661	LCLC	Lung:NSCLC_Large_Cell	1.35	Lung	17	129c	1	Caucasian	1	Metastasis	Male	lymph_node	NS	NS	NS	Non-Small Cell Lung Cancer (NSCLC), Large Cell Carcinoma	NA	184	27.4666666667	lung_NSC	lung_NSC
ccle_broad_2019	NCIH720_LUNG	NCIH720_LUNG	NA	NA	Non-Small Cell Lung Cancer	Lung Carcinoid	NA	NA	ACH-002174	NA	NA	NA	NA	NA	NA	NA	NA	NA	NA	NA	NA	NA	NA	lung	NA	NA	lung_carcinoid	307	NA	NA	LUCA	NA	NA	NA	NA	NA	NA	NA	1	NA	NA	NA	NA	NA	NA	Carcinoid	NA	NA	10.5333333333	NA	lung_NSC
ccle_broad_2019	NCIH727_LUNG	NCIH727_LUNG	65	CCLE	Non-Small Cell Lung Cancer	Lung Carcinoid	ATCC	adherent	ACH-000775	NA	65.6	NA	Caucasian	0.7677	5%DMSO	1	NA	RPMI 1640 +10% FBS	NS	NS	NS	Carcinoid-Endocrine_Tumour	NA	lung	NA	NA	lung_carcinoid	585	165.1770758	NCI-H727	LUCA	Endocrine	2.69	Lung	NA	NA	0.99	Caucasian	1	Primary	Female	NA	bronchus	NS	NS	Carcinoid	NA	NA	19.5666666667	other	other
ccle_broad_2019	NCIH810_LUNG	NCIH810_LUNG	51	CCLE	Non-Small Cell Lung Cancer	Large Cell Lung Carcinoma	GNF	NA	ACH-000789	NA	NA	NA	African_american	0.8683	NA	1	NA	NA	large_cell_carcinoma	NS	NS	Carcinoma	NA	lung	NA	NSCLC_large_cell	NSCLC	703	172.2500773	NCI-H810	LCLC	Lung:NSCLC_Large_Cell	2.62	Lung	NA	NA	1	African_American	1	Primary	Male	NA	NS	NS	NS	Non-Small Cell Lung Cancer (NSCLC), Large Cell Carcinoma	NA	NA	23.5333333333	lung_NSC	lung_NSC
ccle_broad_2019	NCIH820_LUNG	NCIH820_LUNG	NA	NA	Non-Small Cell Lung Cancer	Lung Adenocarcinoma	NA	NA	ACH-001140	NA	NA	NA	NA	NA	NA	NA	NA	NA	NA	NA	NA	NA	NA	lung	NA	NSCLC_adenocarcinoma	NSCLC	196	NA	NA	LUAD	NA	NA	NA	NA	NA	NA	NA	1	NA	NA	NA	NA	NA	NA	Non-Small Cell Lung Cancer (NSCLC), Adenocarcinoma	NA	NA	6.6	NA	NA
ccle_broad_2019	NCIH835_LUNG	NCIH835_LUNG	NA	NA	Non-Small Cell Lung Cancer	Lung Carcinoid	NA	NA	ACH-002177	NA	NA	NA	NA	NA	NA	NA	NA	NA	NA	NA	NA	NA	NA	lung	NA	NA	lung_carcinoid	645	NA	NA	LUCA	NA	NA	NA	NA	NA	NA	NA	1	NA	NA	NA	NA	NA	NA	Carcinoid	NA	NA	21.6333333333	NA	lung_NSC
ccle_broad_2019	NCIH838_LUNG	NCIH838_LUNG	59	CCLE	Non-Small Cell Lung Cancer	Lung Adenocarcinoma	ATCC	Adherent	ACH-000416	NA	42.9	NA	Caucasian	0.3979	5% DMSO	1	NA	RPMI+10%FBS	non_small_cell_carcinoma	NS	NS	Carcinoma	NA	lung	NA	NSCLC_adenocarcinoma	NSCLC	520	111.3158979	NCI-H838	LUAD	Lung:NSCLC_Adeno	2.36	Lung	16	129n	1	Caucasian	1	Metastasis	Male	lymph_node	NS	NS	NS	Non-Small Cell Lung Cancer (NSCLC), Adenocarcinoma	NA	146	17.4333333333	lung_NSC	lung_NSC
ccle_broad_2019	NCIH854_LUNG	NCIH854_LUNG	NA	CCLE	Non-Small Cell Lung Cancer	Lung Adenocarcinoma	KCLB	suspention	ACH-000710	NA	NA	NA	Caucasian	0.6099	NA	1	NA	RPMI 1640  with L-glutamine (300mg/L), 90%; heat inactivated fetal bovine serum (FBS),10%	adenocarcinoma	NS	NS	Carcinoma	NA	lung	NA	NSCLC_adenocarcinoma	NSCLC	195	158.1433375	NCI-H854	LUAD	Lung:NSCLC_Adeno	2.79	Lung	NA	NA	1	NA	1	Primary	NA	NA	NS	NS	NS	Non-Small Cell Lung Cancer (NSCLC), Adenocarcinoma	25mM Hepes and 25mM NaHCo3	NA	6.56666666667	lung_NSC	lung_NSC
ccle_broad_2019	PC14_LUNG	PC14_LUNG	NA	CCLE	Non-Small Cell Lung Cancer	Lung Adenocarcinoma	RIKEN	adherent	ACH-000030	lung_cancer	35.2966	NA	Asian	0.5574	5%DMSO	1	NA	RPMI+10%FBS	non_small_cell_carcinoma	NS	NS	Carcinoma	NA	lung	NA	NSCLC_adenocarcinoma	NSCLC	358	151.0705525	PC-14	LUAD	Lung:NSCLC_Others	3.33	Lung	5	126	1	Asian	1	Primary	NA	NA	NS	NS	NS	Non-Small Cell Lung Cancer (NSCLC), Adenocarcinoma	NA	152	12.2	lung_NSC	lung_NSC
ccle_broad_2019	PC3JPC3_LUNG	PC3JPC3_LUNG	NA	NA	Non-Small Cell Lung Cancer	Lung Adenocarcinoma	NA	NA	ACH-002184	NA	NA	NA	NA	NA	NA	NA	NA	NA	NA	NA	NA	NA	NA	lung	NA	NSCLC_adenocarcinoma	NSCLC	130	NA	NA	LUAD	NA	NA	NA	NA	NA	NA	NA	1	NA	NA	NA	NA	NA	NA	Non-Small Cell Lung Cancer (NSCLC), Adenocarcinoma	NA	NA	4.5	NA	lung_NSC
ccle_broad_2019	PC9_LUNG	PC9_LUNG	NA	NA	Non-Small Cell Lung Cancer	Lung Adenocarcinoma	NA	NA	ACH-000779	NA	NA	NA	NA	NA	NA	NA	NA	NA	NA	NA	NA	NA	NA	lung	NA	NSCLC_adenocarcinoma	NSCLC	722	NA	NA	LUAD	NA	NA	NA	NA	NA	NA	NA	1	NA	NA	NA	NA	NA	NA	Non-Small Cell Lung Cancer (NSCLC), Adenocarcinoma	NA	NA	24.3	NA	lung_NSC
ccle_broad_2019	RERFLCAD1_LUNG	RERFLCAD1_LUNG	70	CCLE	Non-Small Cell Lung Cancer	Lung Adenocarcinoma	HSRRB	ADHERENT	ACH-000791	NA	194.7	NA	Asian	0.4711	5% DMSO	1	NA	RPMI-1640+10% FBS	adenocarcinoma	NS	NS	Carcinoma	NA	lung	NA	NSCLC_adenocarcinoma	NSCLC	365	211.7713008	RERF-LC-Ad1	LUAD	Lung:NSCLC_Adeno	3.48	Lung	NA	NA	1	Asian	1	Primary	Male	NA	NS	NS	NS	Non-Small Cell Lung Cancer (NSCLC), Adenocarcinoma	NA	NA	12.2666666667	lung_NSC	lung_NSC
ccle_broad_2019	RERFLCAD2_LUNG	RERFLCAD2_LUNG	NA	CCLE	Non-Small Cell Lung Cancer	Lung Adenocarcinoma	HSSRB	adherent epithelial-like	ACH-000774	NA	70.1	NA	Asian	0.6542	5% DMSO	1	NA	RPMI-1640+10% FBS	adenocarcinoma	NS	NS	Carcinoma	NA	lung	NA	NSCLC_adenocarcinoma	NSCLC	331	215.9785902	RERF-LC-Ad2	LUAD	Lung:NSCLC_Adeno	2.82	Lung	NA	NA	1	Asian	1	Primary	Male	NA	NS	NS	NS	Non-Small Cell Lung Cancer (NSCLC), Adenocarcinoma	NA	NA	10.9333333333	lung_NSC	lung_NSC
ccle_broad_2019	RERFLCAI_LUNG	RERFLCAI_LUNG	NA	CCLE	Non-Small Cell Lung Cancer	Lung Squamous Cell Carcinoma	RIKEN	EPITHELIAL-LIKE ADHERENT CELLS	ACH-000261	lung_cancer	51.3	NA	Asian	0.4028	5%DMSO	1	NA	MEM+10%FBS	squamous_cell_carcinoma	NS	NS	Carcinoma	NA	lung	NA	NSCLC_squamous	NSCLC	164	124.6755319	RERF-LC-AI	LUSC	Lung:NSCLC_Squamous	2.37	Lung	NA	NA	1	NA	1	Primary	NA	NA	NS	NS	NS	Non-Small Cell Lung Cancer (NSCLC), Squamous Cell Carcinoma	NA	NA	5.46666666667	lung_NSC	lung_NSC
ccle_broad_2019	RERFLCKJ_LUNG	RERFLCKJ_LUNG	78	CCLE	Non-Small Cell Lung Cancer	Lung Adenocarcinoma	HSSRB	adherent epithelial-like	ACH-000482	lung_cancer	56.5	53hrs	Asian	0.4915	5% DMSO	1	NA	RPMI-1640+10% FBS	non_small_cell_carcinoma	NS	NS	Carcinoma	NA	lung	NA	NSCLC_adenocarcinoma	NSCLC	349	161.3323387	RERF-LC-KJ	LUAD	Lung:NSCLC_Others	2.99	Lung	NA	NA	0.99	NA	1	Primary	Male	NA	NS	NS	NS	Non-Small Cell Lung Cancer (NSCLC), Adenocarcinoma	NA	NA	11.7333333333	lung_NSC	lung_NSC
ccle_broad_2019	RERFLCMS_LUNG	RERFLCMS_LUNG	NA	CCLE	Non-Small Cell Lung Cancer	Lung Adenocarcinoma	JCRB	Adherent; dt=42.7 hrs	ACH-000062	lung_cancer	68.9	NA	Asian	0.3188	5% DMSO	1	NA	EMEM+10%FBS	non_small_cell_carcinoma	NS	NS	Carcinoma	NA	lung	NA	NSCLC_adenocarcinoma	NSCLC	230	105.6808319	RERF-LC-MS	LUAD	Lung:NSCLC_Others	2.48	Lung	1	129c	1	Asian	1	Primary	NA	NA	NS	NS	NS	Non-Small Cell Lung Cancer (NSCLC), Adenocarcinoma	NEAA	84	7.9	lung_NSC	lung_NSC
ccle_broad_2019	RERFLCSQ1_LUNG	RERFLCSQ1_LUNG	74	CCLE	Non-Small Cell Lung Cancer	Lung Squamous Cell Carcinoma	HSRRB	ADHERENT; 0.05% TRYPSIN	ACH-000442	Lung Cancer	NA	NA	Asian	0.5510	5%DMSO	1	NA	RPMI-1640 +10% FBS	squamous_cell_carcinoma	NS	NS	Carcinoma	NA	lung	NA	NSCLC_squamous	NSCLC	283	150.1872136	RERF-LC-Sq1	LUSC	NA	2.78	Lung	16	130n	1	Asian	1	Primary	Female	NA	NS	NS	NS	Non-Small Cell Lung Cancer (NSCLC), Squamous Cell Carcinoma	NA	NA	9.56666666667	lung_NSC	lung_NSC
ccle_broad_2019	SKLU1_LUNG	SKLU1_LUNG	60	CCLE	Non-Small Cell Lung Cancer	Lung Adenocarcinoma	ATCC	Adherent	ACH-000309	NA	174.6	NA	Caucasian	0.6943	5% DMSO	2	NA	MEM+10%FBS	adenocarcinoma	NS	NS	Carcinoma	NA	lung	NA	NSCLC_adenocarcinoma	NSCLC	535	72.9598821	SK-LU-1	LUAD	Lung:NSCLC_Adeno	4	Lung	42	126	1	Caucasian	1	Primary	Female	NA	NS	NS	NS	Non-Small Cell Lung Cancer (NSCLC), Adenocarcinoma	NA	102	18.0	lung_NSC	lung_NSC
ccle_broad_2019	SKMES1_LUNG	SKMES1_LUNG	65	CCLE	Non-Small Cell Lung Cancer	Lung Squamous Cell Carcinoma	NA	NA	ACH-000665	lung_cancer	NA	NA	Caucasian	0.7630	NA	1	NA	NA	squamous_cell_carcinoma	NS	NS	Carcinoma	NA	lung	NA	NSCLC_squamous	NSCLC	541	148.3603289	SK-MES-1	LUSC	Lung:NSCLC_Squamous	2.64	Lung	NA	NA	1	Caucasian	1	Metastasis	Male	pleura	NS	NS	NS	Non-Small Cell Lung Cancer (NSCLC), Squamous Cell Carcinoma	NA	125	18.2	lung_NSC	lung_NSC
ccle_broad_2019	SQ1_LUNG	SQ1_LUNG	NA	CCLE	Non-Small Cell Lung Cancer	Lung Squamous Cell Carcinoma	RIKEN	NA	ACH-000553	Lung Cancer	63.9	NA	Asian	0.5868	5% DMSO	1	NA	RPMI-1640+10%FBS	squamous_cell_carcinoma	NS	NS	Carcinoma	NA	lung	NA	NSCLC_squamous	NSCLC	441	166.3312692	Sq-1	LUSC	Lung:NSCLC_Squamous	3.04	Lung	14	129n	1	NA	1	Primary	NA	NA	NS	NS	NS	Non-Small Cell Lung Cancer (NSCLC), Squamous Cell Carcinoma	NA	NA	14.6	lung_NSC	lung_NSC
ccle_broad_2019	SW1573_LUNG	SW1573_LUNG	44	CCLE	Non-Small Cell Lung Cancer	Lung Adenocarcinoma	ATCC	Adherent epithelial	ACH-000677	lung_cancer	41.9	NA	Caucasian	0.6769	5%DMSO	1	NA	L15+10%FBS	squamous_cell_carcinoma	NS	NS	Carcinoma	NA	lung	NA	NSCLC_adenocarcinoma	NSCLC	303	122.6052624	SW 1573	LUAD	Lung:NSCLC_Squamous	3.48	Lung	33	127n	1	Caucasian	1	Primary	Female	NA	NS	NS	NS	Non-Small Cell Lung Cancer (NSCLC), Adenocarcinoma	NA	NA	10.3	lung_NSC	lung_NSC
ccle_broad_2019	SW900_LUNG	SW900_LUNG	53	CCLE	Non-Small Cell Lung Cancer	Lung Squamous Cell Carcinoma	NA	Adherent epithelial	ACH-000669	NA	NA	NA	Caucasian	0.5544	5%DMSO	1	NA	L15+10%FBS	squamous_cell_carcinoma	NS	NS	Carcinoma	NA	lung	NA	NSCLC_squamous	NSCLC	489	144.2755307	SW 900	LUSC	Lung:NSCLC_Squamous	2.72	Lung	NA	NA	1	Caucasian	1	Primary	Male	NA	NS	NS	NS	Non-Small Cell Lung Cancer (NSCLC), Squamous Cell Carcinoma	NA	129	16.7666666667	lung_NSC	lung_NSC
ccle_broad_2019	T3M10_LUNG	T3M10_LUNG	40	CCLE	Non-Small Cell Lung Cancer	Large Cell Lung Carcinoma	GNF	NA	ACH-000813	NA	NA	NA	Asian	0.2714	NA	0	NA	NA	large_cell_carcinoma	NS	NS	Carcinoma	NA	lung	NA	NSCLC_large_cell	NSCLC	414	235.9576427	T3M-10	LCLC	Lung:NSCLC_Large_Cell	1.9	Lung	NA	NA	1	Asian	1	Primary	Male	NA	NS	NS	NS	Non-Small Cell Lung Cancer (NSCLC), Large Cell Carcinoma	NA	NA	13.9	lung_NSC	lung_NSC
ccle_broad_2019	UMC11_LUNG	UMC11_LUNG	NA	NA	Non-Small Cell Lung Cancer	Lung Carcinoid	NA	NA	ACH-001417	NA	NA	NA	NA	NA	NA	NA	NA	NA	NA	NA	NA	NA	NA	lung	NA	NA	lung_carcinoid	341	NA	NA	LUCA	NA	NA	NA	NA	NA	NA	NA	1	NA	NA	NA	NA	NA	NA	Carcinoid	NA	NA	11.5	NA	lung_NSC
ccle_broad_2019	VMRCLCD_LUNG	VMRCLCD_LUNG	NA	CCLE	Non-Small Cell Lung Cancer	Lung Adenocarcinoma	HSRRB	MIX	ACH-001233	lung_cancer	NA	NA	Caucasian	0.6642	5% DMSO	1	NA	EMEM+10% FBS	adenocarcinoma	NS	NS	Carcinoma	NA	lung	NA	NSCLC_adenocarcinoma	NSCLC	724	NA	VMRC-LCD	LUAD	NA	2.44	Lung	NA	NA	1	NA	1	Primary	Male	NA	NS	NS	NS	Non-Small Cell Lung Cancer (NSCLC), Adenocarcinoma	NA	NA	24.2333333333	lung_NSC	lung_NSC
ccle_broad_2019	VMRCLCP_LUNG	VMRCLCP_LUNG	NA	CCLE	Non-Small Cell Lung Cancer	Lung Squamous Cell Carcinoma	HSRRB	mixed cells	ACH-001234	NA	NA	NA	Caucasian	0.6681	5% DMSO	0	NA	EMEM+10% FBS	squamous_cell_carcinoma	NS	NS	Carcinoma	NA	lung	NA	NSCLC_squamous	NSCLC	41	NA	VMRC-LCP	LUSC	NA	1.8	Lung	NA	NA	1	NA	1	Primary	NA	NA	NS	NS	NS	Non-Small Cell Lung Cancer (NSCLC), Squamous Cell Carcinoma	NEAA	NA	1.36666666667	lung_NSC	lung_NSC